stream,take,num,dt,sec,id,imgURL,imgFile,episode,priority,sz,typ,p,accx,accy,accz,magx,magy,magz,red,green,blue,lum,tem,g,lat,lon,latitude longitude,locInterpolated,heading,speed,distance,alt,gs,herr,verr,exp,gain,rbal,gbal,bbal,xor,yor,zor,stags,tags,lat_smooth,lon_smooth,lat_lon_smooth,heading_smooth
1,g1_a2_t2,153,2013-12-17T07:08:31+0100,17,B00000206_21I558_20131217_070831,https://googledrive.com/host/0ByZPttHNHiZ0aWFpc0tKUmdzdUU/g1_a2_sml_153.jpg,g1_a2_sml_153.jpg,,1,4014,2,1,-0.135,-0.928,-0.319,-0.094,-0.352,-0.076,21062,21650,15396,44648,27.4,2,-33.98919,151.23239,-33.98919 151.23239,0,0,0,0,50,0.3,10.88,2.11,2,1.25,1.492,1,1.313,106.08,-99.28,247.7,0,,-33.98917,151.2324133,-33.98917 151.232413333,0
1,g1_a2_t2,158,2013-12-17T07:09:26+0100,72,B00000211_21I558_20131217_070926,https://googledrive.com/host/0ByZPttHNHiZ0aWFpc0tKUmdzdUU/g1_a2_sml_158.jpg,g1_a2_sml_158.jpg,,1,4014,2,1,-0.271,-0.938,-0.112,0.065,-0.35,-0.154,36395,44465,33652,65535,27.4,2,-33.98916,151.23239,-33.98916 151.23239,0,269,0.12,0.92,54,0.2,14.03,2.1,2,1.25,1.836,1,1.281,98.261,-103.8,53.176,0,,-33.98917,151.23239,-33.98917 151.23239,0
1,g1_a2_t2,161,2013-12-17T07:09:51+0100,97,B00000214_21I558_20131217_070951,https://googledrive.com/host/0ByZPttHNHiZ0aWFpc0tKUmdzdUU/g1_a2_sml_161.jpg,g1_a2_sml_161.jpg,,1,4014,2,1,-0.104,-0.899,-0.338,0.116,-0.336,-0.15,30560,31940,23463,65535,29.9,2,-33.98916,151.23239,-33.98916 151.23239,0,124,0.65,7.84,53.4,0.4,13.65,2.25,2,1.25,1.711,1,1.5,106.34,-94.43,55.623,0,,-33.98915,151.2323967,-33.98915 151.232396667,28
1,g1_a2_t2,167,2013-12-17T07:11:01+0100,167,B00000220_21I558_20131217_071101,https://googledrive.com/host/0ByZPttHNHiZ0aWFpc0tKUmdzdUU/g1_a2_sml_167.jpg,g1_a2_sml_167.jpg,,1,4014,2,1,0.082,-0.973,-0.141,0.008,-0.345,-0.018,65535,65535,62389,65535,29.9,2,-33.98913,151.23241,-33.98913 151.23241,0,132,0.5,4.97,53.8,0.9,10.22,2.17,1,1.25,1.898,1,1.188,86.041,-91.19,78.715,0,,-33.98914667,151.23242,-33.9891466667 151.23242,115
1,g1_a2_t2,169,2013-12-17T07:11:21+0100,187,B00000222_21I558_20131217_071121,https://googledrive.com/host/0ByZPttHNHiZ0aWFpc0tKUmdzdUU/g1_a2_sml_169.jpg,g1_a2_sml_169.jpg,,1,4014,2,1,-0.073,-1.021,0.213,-0.006,-0.316,0.056,65535,65535,65535,65535,28.7,2,-33.98915,151.23246,-33.98915 151.23246,0,301,0.12,2.15,59,0.4,11.38,2.08,1,1.25,1.68,1,1.594,103.39,-96.84,147.06,0,,-33.98913,151.2323167,-33.98913 151.232316667,277
1,g1_a2_t2,175,2013-12-17T07:12:28+0100,254,B00000228_21I558_20131217_071228,https://googledrive.com/host/0ByZPttHNHiZ0aWFpc0tKUmdzdUU/g1_a2_sml_175.jpg,g1_a2_sml_175.jpg,,1,4014,2,1,0.309,-0.905,-0.422,0.126,-0.32,-0.146,38892,48967,40550,65535,37.5,2,-33.98911,151.23208,-33.98911 151.23208,0,294,0.54,8.09,53.8,1.2,11.27,2.18,2,1.25,1.992,1,1.219,89.261,-94.41,54.998,0,,-33.98911333,151.23218,-33.9891133333 151.23218,294
1,g1_a2_t2,176,2013-12-17T07:12:43+0100,269,B00000229_21I558_20131217_071242,https://googledrive.com/host/0ByZPttHNHiZ0aWFpc0tKUmdzdUU/g1_a2_sml_176.jpg,g1_a2_sml_176.jpg,,1,4014,2,1,-0.043,-1.029,-0.317,0.119,-0.324,-0.145,37263,44573,34893,65535,37.5,2,-33.98908,151.232,-33.98908 151.23200,0,246,1.56,14.05,54.1,1,8.53,2.2,2,1.25,1.992,1,1.219,90.367,-96.82,22.187,0,,-33.98910667,151.23198,-33.9891066667 151.23198,246
1,g1_a2_t2,177,2013-12-17T07:12:52+0100,278,B00000230_21I558_20131217_071252,https://googledrive.com/host/0ByZPttHNHiZ0aWFpc0tKUmdzdUU/g1_a2_sml_177.jpg,g1_a2_sml_177.jpg,,1,4014,2,1,-0.003,-0.854,-0.019,0.025,-0.314,-0.27,37545,43353,32011,65535,37.5,2,-33.98913,151.23186,-33.98913 151.23186,0,313,0.71,6.41,52.7,0.9,8.3,2.19,1,1.25,1.992,1,1.188,94.2,-100.9,41.076,0,,-33.9891,151.23188,-33.9891 151.23188,301
1,g1_a2_t2,179,2013-12-17T07:13:17+0100,303,B00000232_21I558_20131217_071310,https://googledrive.com/host/0ByZPttHNHiZ0aWFpc0tKUmdzdUU/g1_a2_sml_179.jpg,g1_a2_sml_179.jpg,,1,4014,2,1,-0.288,-1.224,-0.174,0.11,-0.328,-0.093,33216,35630,22621,63771,37.5,2,-33.98909,151.23178,-33.98909 151.23178,0,313,0.46,6.41,51.4,0.3,9.55,2.12,2,1.25,1.992,1,1.344,93.462,-95.52,315.94,0,,-33.98909,151.23179,-33.98909 151.23179,313
1,g1_a2_t2,180,2013-12-17T07:13:31+0100,317,B00000233_21I558_20131217_071325,https://googledrive.com/host/0ByZPttHNHiZ0aWFpc0tKUmdzdUU/g1_a2_sml_180.jpg,g1_a2_sml_180.jpg,,1,4014,2,1,-0.366,-0.826,-0.045,0.012,-0.321,0.025,59383,65535,57424,65535,37.5,2,-33.98905,151.23173,-33.98905 151.23173,0,315,1.14,17.12,47.6,0.6,9.54,1.91,1,1.25,1.992,1,1.313,92.339,-100.4,62.995,0,,-33.98902667,151.2317033,-33.9890266667 151.231703333,315
1,g1_a2_t2,181,2013-12-17T07:13:46+0100,332,B00000234_21I558_20131217_071340,https://googledrive.com/host/0ByZPttHNHiZ0aWFpc0tKUmdzdUU/g1_a2_sml_181.jpg,g1_a2_sml_181.jpg,,1,4014,2,1,0.012,-1.432,-0.045,0.051,-0.329,-0.015,53959,64398,51000,65535,37.5,2,-33.98894,151.2316,-33.98894 151.23160,0,311,1.85,18.46,46.6,0.7,11.93,1.81,1,1.25,1.961,1,1.313,93.789,-101.1,68.625,0,,-33.98894,151.2315933,-33.98894 151.231593333,311
1,g1_a2_t2,182,2013-12-17T07:13:56+0100,342,B00000235_21I558_20131217_071355,https://googledrive.com/host/0ByZPttHNHiZ0aWFpc0tKUmdzdUU/g1_a2_sml_182.jpg,g1_a2_sml_182.jpg,,1,4014,2,1,-0.078,-0.878,-0.003,0.117,-0.325,-0.084,40972,50514,39688,65535,37.5,2,-33.98883,151.23145,-33.98883 151.23145,0,317,1.37,16.49,45.9,1,9.19,1.94,2,1.25,1.961,1,1.25,91.968,-99.71,63.056,0,,-33.98883,151.23146,-33.98883 151.23146,317
1,g1_a2_t2,183,2013-12-17T07:14:08+0100,354,B00000236_21I558_20131217_071408,https://googledrive.com/host/0ByZPttHNHiZ0aWFpc0tKUmdzdUU/g1_a2_sml_183.jpg,g1_a2_sml_183.jpg,,1,4014,2,1,0.19,-0.56,-0.122,0.056,-0.334,-0.032,56777,65535,52546,65535,37.5,2,-33.98872,151.23133,-33.98872 151.23133,0,334,1.08,8.61,45.3,2.3,9.93,2.05,1,1.25,1.898,1,1.313,93.393,-100.5,91.803,0,,-33.98873333,151.2313567,-33.9887333333 151.231356667,334
1,g1_a2_t2,184,2013-12-17T07:14:16+0100,362,B00000237_21I558_20131217_071416,https://googledrive.com/host/0ByZPttHNHiZ0aWFpc0tKUmdzdUU/g1_a2_sml_184.jpg,g1_a2_sml_184.jpg,,1,4014,2,1,0.104,-0.909,-0.438,0.058,-0.324,-0.004,65535,65535,65535,65535,37.5,2,-33.98865,151.23129,-33.98865 151.23129,0,18,1.3,11.71,43.8,1.3,11.67,2.07,1,1.25,1.898,1,1.313,89.789,-96.92,128.98,0,,-33.98864,151.2313167,-33.98864 151.231316667,18
1,g1_a2_t2,185,2013-12-17T07:14:25+0100,371,B00000238_21I558_20131217_071425,https://googledrive.com/host/0ByZPttHNHiZ0aWFpc0tKUmdzdUU/g1_a2_sml_185.jpg,g1_a2_sml_185.jpg,,1,4014,2,1,-0.011,-1.258,-0.145,0.006,-0.324,0.012,65535,65535,65535,65535,37.5,2,-33.98855,151.23133,-33.98855 151.23133,0,301,0.13,2.15,43.5,1.2,11.62,1.97,1,1.25,1.898,1,1.313,89.863,-97.69,86.817,0,,-33.98858667,151.2313167,-33.9885866667 151.231316667,180
1,g1_a2_t2,187,2013-12-17T07:14:53+0100,399,B00000240_21I558_20131217_071452,https://googledrive.com/host/0ByZPttHNHiZ0aWFpc0tKUmdzdUU/g1_a2_sml_187.jpg,g1_a2_sml_187.jpg,,1,4014,2,1,-0.082,-0.93,0.099,-0.168,-0.312,-0.213,22888,27832,22458,60630,29.3,2,-33.98856,151.23133,-33.98856 151.23133,0,0,0.01,0.09,41.3,0.2,9.2,1.82,2,1.25,1.898,1,1.625,96.133,-94.74,329.95,0,,-33.98855667,151.23133,-33.9885566667 151.23133,0
1,g1_a2_t2,188,2013-12-17T07:15:02+0100,408,B00000241_21I558_20131217_071502,https://googledrive.com/host/0ByZPttHNHiZ0aWFpc0tKUmdzdUU/g1_a2_sml_188.jpg,g1_a2_sml_188.jpg,,1,4014,2,1,-0.251,-0.985,0.287,-0.157,-0.323,-0.155,65535,65535,60436,65535,29.3,2,-33.98856,151.23133,-33.98856 151.23133,0,15,0.77,6.92,41.5,0.5,9.68,1.81,2,1.25,1.898,1,1.719,93.589,-94.08,303.71,0,,-33.98854,151.2313367,-33.98854 151.231336667,15
1,g1_a2_t2,189,2013-12-17T07:15:11+0100,417,B00000242_21I558_20131217_071511,https://googledrive.com/host/0ByZPttHNHiZ0aWFpc0tKUmdzdUU/g1_a2_sml_189.jpg,g1_a2_sml_189.jpg,,1,4014,2,1,0,-1.25,-0.086,-0.166,-0.306,-0.041,45414,50097,35573,65535,29.3,2,-33.9885,151.23135,-33.98850 151.23135,0,51,0.79,7.1,41.1,0.9,9.8,1.8,1,1.25,1.836,1,1.688,90.171,-88.81,275.4,0,,-33.98850667,151.2313633,-33.9885066667 151.231363333,51
1,g1_a2_t2,190,2013-12-17T07:15:20+0100,426,B00000243_21I558_20131217_071520,https://googledrive.com/host/0ByZPttHNHiZ0aWFpc0tKUmdzdUU/g1_a2_sml_190.jpg,g1_a2_sml_190.jpg,,1,4014,2,1,0.188,-1.273,-0.184,-0.13,-0.317,-0.034,59075,65535,51134,65535,29.3,2,-33.98846,151.23141,-33.98846 151.23141,0,39,0.44,5.78,40.7,1,10.71,1.87,2,1.25,1.648,1,1.688,94.766,-92.88,319.48,0,,-33.98846,151.2314033,-33.98846 151.231403333,39
1,g1_a2_t2,191,2013-12-17T07:15:33+0100,439,B00000244_21I558_20131217_071532,https://googledrive.com/host/0ByZPttHNHiZ0aWFpc0tKUmdzdUU/g1_a2_sml_191.jpg,g1_a2_sml_191.jpg,,1,4014,2,1,-0.214,-1.164,0.108,-0.008,-0.325,-0.004,65535,65535,65535,65535,29.3,2,-33.98842,151.23145,-33.98842 151.23145,0,77,0.87,10.38,41.8,0.7,12.78,1.95,2,1.25,1.742,1,1.656,92.864,-90.89,284.82,0,,-33.98842667,151.2314733,-33.9884266667 151.231473333,77
1,g1_a2_t2,192,2013-12-17T07:15:45+0100,451,B00000245_21I558_20131217_071544,https://googledrive.com/host/0ByZPttHNHiZ0aWFpc0tKUmdzdUU/g1_a2_sml_192.jpg,g1_a2_sml_192.jpg,,1,4014,2,1,-0.014,-1.328,-0.007,-0.156,-0.318,-0.09,47976,53871,38278,65535,29.3,2,-33.9884,151.23156,-33.98840 151.23156,0,76,0.47,4.74,43.7,0.5,10.6,2.02,2,1.25,1.742,1,1.625,92.28,-91.3,305.54,0,,-33.98840333,151.23154,-33.9884033333 151.23154,76
1,g1_a2_t2,193,2013-12-17T07:15:55+0100,461,B00000246_21I558_20131217_071554,https://googledrive.com/host/0ByZPttHNHiZ0aWFpc0tKUmdzdUU/g1_a2_sml_193.jpg,g1_a2_sml_193.jpg,,1,4014,2,1,0.121,-1.012,0.444,-0.17,-0.309,-0.185,26998,27165,17339,52861,29.3,2,-33.98839,151.23161,-33.98839 151.23161,0,0,0,0,43.1,0.4,11.81,2.1,2,1.25,1.586,1,1.625,91.958,-91.85,341.43,0,,-33.98839333,151.2315933,-33.9883933333 151.231593333,0
1,g1_a2_t2,194,2013-12-17T07:16:03+0100,469,B00000247_21I558_20131217_071603,https://googledrive.com/host/0ByZPttHNHiZ0aWFpc0tKUmdzdUU/g1_a2_sml_194.jpg,g1_a2_sml_194.jpg,,1,4014,2,1,-0.114,-0.955,-0.38,-0.095,-0.235,-0.326,22694,21346,14478,48940,29.3,2,-33.98839,151.23161,-33.98839 151.23161,0,202,0.3,2.41,44,0.8,13.52,2.12,2,1.25,1.586,1,1.625,91.471,-92.92,343.55,0,,-33.9884,151.2316267,-33.9884 151.231626667,125
1,g1_a2_t2,196,2013-12-17T07:16:25+0100,491,B00000249_21I558_20131217_071619,https://googledrive.com/host/0ByZPttHNHiZ0aWFpc0tKUmdzdUU/g1_a2_sml_196.jpg,g1_a2_sml_196.jpg,,1,4014,2,1,0.074,-1.076,-0.169,0.051,-0.267,-0.321,10278,9661,6795,21757,29.3,2,-33.98842,151.23166,-33.98842 151.23166,0,199,0.92,16.52,43.3,1,23.36,1.89,3,1.25,1.523,1,1.563,95.141,-91.2,17.545,0,,-33.98845667,151.2316233,-33.9884566667 151.231623333,199
1,g1_a2_t2,197,2013-12-17T07:16:43+0100,509,B00000250_21I558_20131217_071636,https://googledrive.com/host/0ByZPttHNHiZ0aWFpc0tKUmdzdUU/g1_a2_sml_197.jpg,g1_a2_sml_197.jpg,,1,4014,2,1,0.004,-0.913,-0.292,0.057,-0.344,-0.079,47430,53885,38330,65535,29.3,2,-33.98856,151.2316,-33.98856 151.23160,0,0,0.62,5.56,42.7,0.7,15.91,1.81,1,1.25,1.867,1,1.25,93.842,-95.72,73.361,0,,-33.98851333,151.23167,-33.9885133333 151.23167,90
1,g1_a2_t2,199,2013-12-17T07:17:08+0100,534,B00000252_21I558_20131217_071702,https://googledrive.com/host/0ByZPttHNHiZ0aWFpc0tKUmdzdUU/g1_a2_sml_199.jpg,g1_a2_sml_199.jpg,,1,4014,2,1,-0.029,-0.986,-0.228,-0.149,-0.322,-0.08,38239,42454,30261,65535,30.7,2,-33.98856,151.23175,-33.98856 151.23175,0,326,2.1,25.25,43.9,0.4,24,1.76,5,1.25,1.555,1,1.438,91.817,-99.09,258.43,0,,-33.98849667,151.23165,-33.9884966667 151.23165,326
1,g1_a2_t2,200,2013-12-17T07:17:20+0100,546,B00000253_21I558_20131217_071719,https://googledrive.com/host/0ByZPttHNHiZ0aWFpc0tKUmdzdUU/g1_a2_sml_200.jpg,g1_a2_sml_200.jpg,,1,4014,2,1,-0.13,-0.958,0.201,-0.061,-0.309,0.026,23908,29290,23962,64454,30.7,2,-33.98837,151.2316,-33.98837 151.23160,0,311,1.42,18.46,42,1.4,12.58,1.87,2,1.25,1.68,1,1.375,88.164,-91.08,89.409,0,,-33.98839667,151.2316,-33.9883966667 151.2316,311
1,g1_a2_t2,201,2013-12-17T07:17:33+0100,559,B00000254_21I558_20131217_071732,https://googledrive.com/host/0ByZPttHNHiZ0aWFpc0tKUmdzdUU/g1_a2_sml_201.jpg,g1_a2_sml_201.jpg,,1,4014,2,1,0.238,-0.926,0.669,0.149,-0.305,-0.056,61648,65535,55784,65535,30.7,2,-33.98826,151.23145,-33.98826 151.23145,0,310,1.34,12.07,42,1.5,10.69,1.99,2,1.25,1.93,1,1.281,90.942,-89.22,47.659,0,,-33.98827333,151.2314667,-33.9882733333 151.231466667,310
1,g1_a2_t2,202,2013-12-17T07:17:42+0100,568,B00000255_21I558_20131217_071742,https://googledrive.com/host/0ByZPttHNHiZ0aWFpc0tKUmdzdUU/g1_a2_sml_202.jpg,g1_a2_sml_202.jpg,,1,4014,2,1,-0.257,-0.674,0.31,0.11,-0.324,-0.081,55256,65092,50896,65535,30.7,2,-33.98819,151.23135,-33.98819 151.23135,0,324,0.92,10.99,42.6,0.9,12.83,1.96,1,1.25,1.93,1,1.375,92.428,-93.23,66.11,0,,-33.98818667,151.23136,-33.9881866667 151.23136,324
1,g1_a2_t2,203,2013-12-17T07:17:54+0100,580,B00000256_21I558_20131217_071753,https://googledrive.com/host/0ByZPttHNHiZ0aWFpc0tKUmdzdUU/g1_a2_sml_203.jpg,g1_a2_sml_203.jpg,,1,4014,2,1,-0.226,-0.554,-0.253,0.093,-0.324,-0.033,57391,65535,55330,65535,34.3,2,-33.98811,151.23128,-33.98811 151.23128,0,337,1.2,9.63,39.8,1.2,9.87,1.83,1,1.25,1.93,1,1.313,92.996,-90.26,74.287,0,,-33.98811,151.23129,-33.98811 151.23129,337
1,g1_a2_t2,204,2013-12-17T07:18:02+0100,588,B00000257_21I558_20131217_071802,https://googledrive.com/host/0ByZPttHNHiZ0aWFpc0tKUmdzdUU/g1_a2_sml_204.jpg,g1_a2_sml_204.jpg,,1,4014,2,1,-0.018,-0.727,0.181,0.055,-0.315,0.02,56819,65535,52742,65535,34.3,2,-33.98803,151.23124,-33.98803 151.23124,0,9,0.63,5.63,40.3,1.1,8.86,1.86,1,1.25,1.836,1,1.313,92.492,-88.94,172.01,0,,-33.98804,151.2312567,-33.98804 151.231256667,9
1,g1_a2_t2,205,2013-12-17T07:18:11+0100,597,B00000258_21I558_20131217_071811,https://googledrive.com/host/0ByZPttHNHiZ0aWFpc0tKUmdzdUU/g1_a2_sml_205.jpg,g1_a2_sml_205.jpg,,1,4014,2,1,-0.372,-0.706,-0.262,0.011,-0.322,0.01,65535,65535,65535,65535,34.3,2,-33.98798,151.23125,-33.98798 151.23125,0,0,0.2,2.22,40.1,0.1,10.03,1.94,3,1.25,1.742,1,1.281,94.12,-93.26,90.235,0,,-33.98796,151.2312567,-33.98796 151.231256667,12
1,g1_a2_t2,207,2013-12-17T07:18:31+0100,617,B00000260_21I558_20131217_071831,https://googledrive.com/host/0ByZPttHNHiZ0aWFpc0tKUmdzdUU/g1_a2_sml_207.jpg,g1_a2_sml_207.jpg,,1,4014,2,1,0.051,-0.421,0.459,-0.119,-0.256,0.081,65535,65535,65535,65535,34.3,2,-33.98787,151.23128,-33.98787 151.23128,0,45,1.3,14.25,40.2,0.6,10.13,1.96,1,1.25,1.773,1,1.188,90.389,-92.17,277.87,0,,-33.98785,151.23131,-33.98785 151.23131,30
1,g1_a2_t2,209,2013-12-17T07:18:54+0100,640,B00000262_21I558_20131217_071853,https://googledrive.com/host/0ByZPttHNHiZ0aWFpc0tKUmdzdUU/g1_a2_sml_209.jpg,g1_a2_sml_209.jpg,,1,4014,2,1,-0.134,-1.453,-0.43,0.003,-0.325,-0.015,49027,57808,44736,65535,34.3,2,-33.9877,151.2314,-33.98770 151.23140,0,180,0.11,1.12,38,0.8,11.71,2.01,1,1.25,1.68,1,1.25,93.804,-94.03,154.94,0,,-33.98776,151.23136,-33.98776 151.23136,180
1,g1_a2_t2,210,2013-12-17T07:19:04+0100,650,B00000263_21I558_20131217_071903,https://googledrive.com/host/0ByZPttHNHiZ0aWFpc0tKUmdzdUU/g1_a2_sml_210.jpg,g1_a2_sml_210.jpg,,1,4014,2,1,0.233,-1.075,-0.185,-0.087,-0.332,-0.053,14369,14810,11095,31478,34.3,2,-33.98771,151.2314,-33.98771 151.23140,0,305,0.23,5.69,39.2,1,12.75,2.03,5,1.25,1.68,1,1.375,97.331,-88.63,259.01,0,,-33.98769,151.2313967,-33.98769 151.231396667,350
1,g1_a2_t2,216,2013-12-17T07:19:42+0100,688,B00000269_21I558_20131217_071941,https://googledrive.com/host/0ByZPttHNHiZ0aWFpc0tKUmdzdUU/g1_a2_sml_216.jpg,g1_a2_sml_216.jpg,,1,4014,2,1,0.006,-0.945,-0.075,-0.11,-0.317,-0.023,30382,33451,26070,65535,34.3,2,-33.98766,151.23139,-33.98766 151.23139,0,0,0.04,0.13,39.8,0.3,14.28,2.09,2,1.25,1.617,1,1.563,100.79,-93.67,248.62,2,,-33.98768333,151.2314,-33.9876833333 151.2314,140
1,g1_a2_t2,220,2013-12-17T07:19:58+0100,704,B00000273_21I558_20131217_071958,https://googledrive.com/host/0ByZPttHNHiZ0aWFpc0tKUmdzdUU/g1_a2_sml_220.jpg,g1_a2_sml_220.jpg,,1,4014,2,1,-0.339,-0.831,-0.366,-0.201,-0.305,-0.13,37664,38236,24788,65535,32.2,2,-33.98768,151.23141,-33.98768 151.23141,0,15,0.36,6.92,39.2,0.3,11.25,2.16,1,1.25,1.617,1,1.531,98.072,-96.93,275.15,0,,-33.98764333,151.2314033,-33.9876433333 151.231403333,0
1,g1_a2_t2,222,2013-12-17T07:20:26+0100,732,B00000275_21I558_20131217_072026,https://googledrive.com/host/0ByZPttHNHiZ0aWFpc0tKUmdzdUU/g1_a2_sml_222.jpg,g1_a2_sml_222.jpg,,1,4014,2,1,0.042,-1.014,-0.009,0.128,-0.314,-0.053,58866,65535,56876,65535,32.2,2,-33.98759,151.23141,-33.98759 151.23141,0,320,0.32,2.89,40.6,0.3,8.78,2.07,1,1.31,1.742,1,1.375,100.26,-94.39,58.147,0,,-33.9876,151.2314067,-33.9876 151.231406667,352
1,g1_a2_t2,224,2013-12-17T07:20:44+0100,750,B00000277_21I558_20131217_072044,https://googledrive.com/host/0ByZPttHNHiZ0aWFpc0tKUmdzdUU/g1_a2_sml_224.jpg,g1_a2_sml_224.jpg,,1,4014,2,1,-0.186,-0.714,-0.231,0.098,-0.31,0.093,65535,65535,65535,65535,32.2,2,-33.98753,151.2314,-33.98753 151.23140,0,295,0.51,5.12,40.9,0.3,10.07,1.99,1,1.25,1.742,1,1.281,94.94,-90.13,323.79,0,,-33.98754,151.2313867,-33.98754 151.231386667,305
1,g1_a2_t2,226,2013-12-17T07:21:03+0100,769,B00000279_21I558_20131217_072103,https://googledrive.com/host/0ByZPttHNHiZ0aWFpc0tKUmdzdUU/g1_a2_sml_226.jpg,g1_a2_sml_226.jpg,,1,4014,2,1,-0.031,-0.966,0.104,0.135,-0.312,-0.068,47369,59543,49944,65535,32.2,2,-33.9875,151.23135,-33.98750 151.23135,0,344,0.38,3.46,37.8,1.3,11.08,1.94,1,1.25,1.68,1,1.406,90.32,-94.12,9.5394,0,,-33.98749,151.2313433,-33.98749 151.231343333,315
1,g1_a2_t2,230,2013-12-17T07:21:38+0100,804,B00000283_21I558_20131217_072138,https://googledrive.com/host/0ByZPttHNHiZ0aWFpc0tKUmdzdUU/g1_a2_sml_230.jpg,g1_a2_sml_230.jpg,,1,4014,2,1,-0.042,-1.094,-0.202,-0.068,-0.335,-0.05,65535,65535,65535,65535,32.2,2,-33.98744,151.23128,-33.98744 151.23128,0,308,0.21,3.55,35.1,0.7,8.69,1.74,1,1.31,1.742,1,1.281,96.075,-93.07,134.92,0,,-33.98745333,151.2312967,-33.9874533333 151.231296667,320
1,g1_a2_t2,234,2013-12-17T07:22:09+0100,835,B00000287_21I558_20131217_072209,https://googledrive.com/host/0ByZPttHNHiZ0aWFpc0tKUmdzdUU/g1_a2_sml_234.jpg,g1_a2_sml_234.jpg,,1,4014,2,1,-0.109,-1.022,-0.066,-0.142,-0.293,-0.292,65535,65535,43333,65535,32.2,2,-33.98742,151.23126,-33.98742 151.23126,0,269,0.1,0.92,31.3,0.4,8.49,1.71,1,1.25,1.617,1,1.469,98.477,-96.14,320.88,0,,-33.98742667,151.2312633,-33.9874266667 151.231263333,269
1,g1_a2_t2,235,2013-12-17T07:22:18+0100,844,B00000288_21I558_20131217_072218,https://googledrive.com/host/0ByZPttHNHiZ0aWFpc0tKUmdzdUU/g1_a2_sml_235.jpg,g1_a2_sml_235.jpg,,1,4014,2,1,-0.11,-0.854,-0.163,-0.251,-0.26,-0.248,62496,61441,39224,65535,32.2,2,-33.98742,151.23125,-33.98742 151.23125,0,219,0.16,1.44,31.2,0.4,11.93,1.73,1,1.25,1.586,1,1.563,121.78,-105,313.34,0,,-33.98742,151.2312633,-33.98742 151.231263333,90
1,g1_a2_t2,237,2013-12-17T07:23:02+0100,888,B00000290_21I558_20131217_072301,https://googledrive.com/host/0ByZPttHNHiZ0aWFpc0tKUmdzdUU/g1_a2_sml_237.jpg,g1_a2_sml_237.jpg,,1,4014,2,1,0.013,-1.147,-0.324,-0.197,-0.249,-0.335,65535,65016,39504,65535,32.2,2,-33.98742,151.23128,-33.98742 151.23128,0,0,0,0,30.8,1.2,13.88,2.06,1,1.25,1.586,1,1.5,106.68,-98.3,23.128,0,,-33.98742667,151.23127,-33.9874266667 151.23127,180
1,g1_a2_t2,245,2013-12-17T07:24:54+0100,1000,B00000298_21I558_20131217_072448,https://googledrive.com/host/0ByZPttHNHiZ0aWFpc0tKUmdzdUU/g1_a2_sml_245.jpg,g1_a2_sml_245.jpg,,1,4014,2,1,-0.089,-1.007,0.063,0.083,-0.328,-0.039,54451,65535,57471,65535,28.7,2,-33.98744,151.23128,-33.98744 151.23128,0,0,0.22,2.22,35.4,0.5,13.2,2.06,1,1.31,1.805,1,1.188,85.842,-96.42,73.079,0,,-33.98740667,151.23128,-33.9874066667 151.23128,0
1,g1_a2_t2,247,2013-12-17T07:25:23+0100,1029,B00000300_21I558_20131217_072516,https://googledrive.com/host/0ByZPttHNHiZ0aWFpc0tKUmdzdUU/g1_a2_sml_247.jpg,g1_a2_sml_247.jpg,,1,4014,2,1,-0.077,-0.894,-0.177,0.081,-0.334,-0.103,52689,60541,44713,65535,28.7,2,-33.98736,151.23128,-33.98736 151.23128,0,190,1.27,10.18,36,0.6,12.84,2.22,1,1.25,1.648,1,1.469,95.385,-101,2.8153,0,,-33.98744667,151.23128,-33.9874466667 151.23128,180
1,g1_a2_t2,249,2013-12-17T07:25:39+0100,1045,B00000302_21I558_20131217_072539,https://googledrive.com/host/0ByZPttHNHiZ0aWFpc0tKUmdzdUU/g1_a2_sml_249.jpg,g1_a2_sml_249.jpg,,1,4014,2,1,-0.284,-0.979,0.024,-0.037,-0.279,-0.338,65535,65535,50538,65535,28.7,2,-33.98754,151.23128,-33.98754 151.23128,0,103,0.34,4.74,35.3,0.6,17.21,2.04,0,1.31,1.648,1,1.469,100.03,-95.97,327.08,0,,-33.98749333,151.23133,-33.9874933333 151.23133,107
1,g1_a2_t2,254,2013-12-17T07:26:36+0100,1102,B00000307_21I558_20131217_072636,https://googledrive.com/host/0ByZPttHNHiZ0aWFpc0tKUmdzdUU/g1_a2_sml_254.jpg,g1_a2_sml_254.jpg,,1,4014,2,1,-0.144,-0.919,0.15,0.069,-0.326,-0.01,65535,65535,61772,65535,28.7,2,-33.98758,151.23143,-33.98758 151.23143,0,90,0.74,7.38,29.7,0.4,8.17,1.85,1,1.25,1.648,1,1.406,88.408,-98.97,41.045,0,,-33.98760667,151.2314067,-33.9876066667 151.231406667,151
1,g1_a2_t2,256,2013-12-17T07:26:58+0100,1124,B00000309_21I558_20131217_072657,https://googledrive.com/host/0ByZPttHNHiZ0aWFpc0tKUmdzdUU/g1_a2_sml_256.jpg,g1_a2_sml_256.jpg,,1,4014,2,1,0.035,-1.104,-0.015,-0.053,-0.285,-0.333,30427,34910,26402,65535,28.7,2,-33.9877,151.23151,-33.98770 151.23151,0,0,0.78,7.78,30.8,0.7,15.67,2.01,1,1.25,1.648,1,1.5,95.527,-99.81,248.07,0,,-33.98771333,151.2314067,-33.9877133333 151.231406667,230
1,g1_a2_t2,264,2013-12-17T07:28:16+0100,1202,B00000317_21I558_20131217_072816,https://googledrive.com/host/0ByZPttHNHiZ0aWFpc0tKUmdzdUU/g1_a2_sml_264.jpg,g1_a2_sml_264.jpg,,1,4014,2,1,-0.272,-1.052,-0.014,0.073,-0.336,-0.228,11367,13434,11854,32793,28.7,2,-33.98786,151.23128,-33.98786 151.23128,0,245,1.01,8.09,36.4,1.4,12.87,2.44,1,1.25,1.777,1,1.25,94.744,-100.9,40.52,0,,-33.98784,151.23125,-33.98784 151.23125,249
1,g1_a2_t2,270,2013-12-17T07:29:15+0100,1261,B00000323_21I558_20131217_072915,https://googledrive.com/host/0ByZPttHNHiZ0aWFpc0tKUmdzdUU/g1_a2_sml_270.jpg,g1_a2_sml_270.jpg,,1,4014,2,1,-0.358,-1.141,0.18,0.015,-0.317,-0.257,43132,46483,35741,65535,28.7,2,-33.98796,151.23096,-33.98796 151.23096,0,244,1.14,10.24,31.9,1.3,9.81,2.18,1,1.25,1.777,1,1.188,94.787,-100.8,35.817,0,,-33.98795,151.23101,-33.98795 151.23101,243
1,g1_a2_t2,272,2013-12-17T07:29:34+0100,1280,B00000325_21I558_20131217_072933,https://googledrive.com/host/0ByZPttHNHiZ0aWFpc0tKUmdzdUU/g1_a2_sml_272.jpg,g1_a2_sml_272.jpg,,1,4014,2,1,-0.28,-1.428,-0.165,0.094,-0.315,-0.004,51349,57010,42548,65535,28.7,2,-33.98803,151.23079,-33.98803 151.23079,0,264,1.2,12.04,31.8,0.7,11.53,2.2,1,1.25,1.777,1,1.25,99.299,-99.21,21.087,0,,-33.98801333,151.23077,-33.9880133333 151.23077,264
1,g1_a2_t2,274,2013-12-17T07:29:52+0100,1298,B00000327_21I558_20131217_072952,https://googledrive.com/host/0ByZPttHNHiZ0aWFpc0tKUmdzdUU/g1_a2_sml_274.jpg,g1_a2_sml_274.jpg,,1,4014,2,1,-0.003,-1.229,-0.163,0.13,-0.325,-0.173,43615,51187,38968,65535,28.7,2,-33.98805,151.23056,-33.98805 151.23056,0,250,0.76,6.83,31.9,0.9,9.83,2.16,1,1.25,1.809,1,1.281,98.99,-92.85,41.418,0,,-33.98805,151.2306133,-33.98805 151.230613333,250
1,g1_a2_t2,275,2013-12-17T07:30:01+0100,1307,B00000328_21I558_20131217_073001,https://googledrive.com/host/0ByZPttHNHiZ0aWFpc0tKUmdzdUU/g1_a2_sml_275.jpg,g1_a2_sml_275.jpg,,1,4014,2,1,-0.167,-1.412,-0.487,0.077,-0.298,-0.253,53286,60551,44779,65535,28.7,2,-33.98807,151.23049,-33.98807 151.23049,0,231,0.79,7.1,32.1,0.9,9.88,2.16,1,1.25,1.777,1,1.344,97.306,-96.29,45.005,0,,-33.98808667,151.2304667,-33.9880866667 151.230466667,238
1,g1_a2_t2,277,2013-12-17T07:30:30+0100,1336,B00000330_21I558_20131217_073018,https://googledrive.com/host/0ByZPttHNHiZ0aWFpc0tKUmdzdUU/g1_a2_sml_277.jpg,g1_a2_sml_277.jpg,,1,4014,2,1,-0.192,-1.413,-0.371,0.117,-0.303,-0.244,48820,56044,43205,65535,28.7,2,-33.98814,151.23035,-33.98814 151.23035,0,219,1.6,14.44,33.8,0.4,10.81,2.16,1,1.25,1.777,1,1.313,98.142,-94.38,7.3271,0,,-33.98816333,151.23036,-33.9881633333 151.23036,213
1,g1_a2_t2,279,2013-12-17T07:30:47+0100,1353,B00000332_21I558_20131217_073047,https://googledrive.com/host/0ByZPttHNHiZ0aWFpc0tKUmdzdUU/g1_a2_sml_279.jpg,g1_a2_sml_279.jpg,,1,4014,2,1,0.204,-0.784,0.144,0.082,-0.337,-0.125,64689,65535,46082,65535,28.7,2,-33.98828,151.23024,-33.98828 151.23024,0,191,0.57,4.54,36.3,0.4,11.57,2.06,1,1.25,1.809,1,1.313,97.889,-96.96,6.2636,0,,-33.98827667,151.2302467,-33.9882766667 151.230246667,209
1,g1_a2_t2,281,2013-12-17T07:31:05+0100,1371,B00000334_21I558_20131217_073105,https://googledrive.com/host/0ByZPttHNHiZ0aWFpc0tKUmdzdUU/g1_a2_sml_281.jpg,g1_a2_sml_281.jpg,,1,4014,2,1,-0.092,-0.93,-0.238,-0.192,-0.306,-0.189,45227,48309,34575,65535,25.2,2,-33.98841,151.23015,-33.98841 151.23015,0,205,0.43,8.61,36.1,1,12.84,2.01,1,1.25,1.809,1,1.281,97.217,-94.34,341.77,0,,-33.98843,151.23016,-33.98843 151.23016,194
1,g1_a2_t2,283,2013-12-17T07:31:36+0100,1402,B00000336_21I558_20131217_073135,https://googledrive.com/host/0ByZPttHNHiZ0aWFpc0tKUmdzdUU/g1_a2_sml_283.jpg,g1_a2_sml_283.jpg,,1,4014,2,1,-0.141,-1.377,-0.364,-0.03,-0.262,-0.367,65535,65535,49855,65535,25.2,2,-33.9886,151.23009,-33.98860 151.23009,0,180,0.71,7.78,30.8,0.8,10.61,1.72,1,1.25,1.809,1,1.281,97.785,-98.99,352.58,0,,-33.9886,151.2301333,-33.9886 151.230133333,163
1,g1_a2_t2,286,2013-12-17T07:32:07+0100,1433,B00000339_21I558_20131217_073207,https://googledrive.com/host/0ByZPttHNHiZ0aWFpc0tKUmdzdUU/g1_a2_sml_286.jpg,g1_a2_sml_286.jpg,,1,4014,2,1,0.239,-0.957,-0.763,-0.133,-0.246,-0.37,59715,64199,42194,65535,24.4,2,-33.98879,151.23016,-33.98879 151.23016,0,180,0.69,5.56,33,0.9,9.84,1.68,1,1.25,1.809,1,1.281,97.127,-100.2,329.29,0,,-33.98874333,151.2301367,-33.9887433333 151.230136667,180
1,g1_a2_t2,287,2013-12-17T07:32:15+0100,1441,B00000340_21I558_20131217_073215,https://googledrive.com/host/0ByZPttHNHiZ0aWFpc0tKUmdzdUU/g1_a2_sml_287.jpg,g1_a2_sml_287.jpg,,1,4014,2,1,0.164,-0.66,-0.349,-0.103,-0.274,-0.34,43209,51547,41163,65535,24.4,2,-33.98884,151.23016,-33.98884 151.23016,0,159,0.89,10.67,32.3,0.6,9.1,1.68,1,1.25,1.809,1,1.344,102.06,-99.17,323.91,0,,-33.98885333,151.2301733,-33.9888533333 151.230173333,159
1,g1_a2_t2,288,2013-12-17T07:32:27+0100,1453,B00000341_21I558_20131217_073227,https://googledrive.com/host/0ByZPttHNHiZ0aWFpc0tKUmdzdUU/g1_a2_sml_288.jpg,g1_a2_sml_288.jpg,,1,4014,2,1,-0.354,-1.014,-0.323,-0.095,-0.29,-0.32,56954,65535,56481,65535,24.4,2,-33.98893,151.2302,-33.98893 151.23020,0,202,0.54,4.82,32.4,0.8,15.02,1.62,1,1.25,1.84,1,1.25,97.094,-102,350.99,0,,-33.98890667,151.2301967,-33.9889066667 151.230196667,128
1,g1_a2_t2,290,2013-12-17T07:32:47+0100,1473,B00000343_21I558_20131217_073246,https://googledrive.com/host/0ByZPttHNHiZ0aWFpc0tKUmdzdUU/g1_a2_sml_290.jpg,g1_a2_sml_290.jpg,,1,4014,2,1,-0.061,-0.912,-0.012,0.046,-0.311,-0.265,61434,61644,49340,65535,24.4,2,-33.98895,151.23023,-33.98895 151.23023,0,301,0.17,2.15,32.5,0.6,8.18,1.69,2,1.25,1.746,1,1.156,97.027,-95.94,0.9721,0,,-33.98893333,151.2302033,-33.9889333333 151.230203333,305
1,g1_a2_t2,292,2013-12-17T07:33:11+0100,1497,B00000345_21I558_20131217_073310,https://googledrive.com/host/0ByZPttHNHiZ0aWFpc0tKUmdzdUU/g1_a2_sml_292.jpg,g1_a2_sml_292.jpg,,1,4014,2,1,-0.122,-0.979,-0.157,-0.026,-0.289,-0.331,37415,40457,32867,65535,24.4,2,-33.98892,151.23018,-33.98892 151.23018,0,128,0.39,3.55,33.5,0.4,13.7,1.77,2,1.25,1.684,1,1.125,98.339,-98.72,6.4612,0,,-33.98895,151.23022,-33.98895 151.23022,135
1,g1_a2_t2,295,2013-12-17T07:33:39+0100,1525,B00000348_21I558_20131217_073338,https://googledrive.com/host/0ByZPttHNHiZ0aWFpc0tKUmdzdUU/g1_a2_sml_295.jpg,g1_a2_sml_295.jpg,,1,4014,2,1,-0.045,-0.949,-0.018,-0.139,-0.308,-0.261,39821,48408,39858,65535,24.4,2,-33.98898,151.23025,-33.98898 151.23025,0,341,0.65,5.86,35,0.3,9.38,1.76,1,1.25,1.84,1,1.125,90.324,-91.97,16.728,0,,-33.98894333,151.2302567,-33.9889433333 151.230256667,56
1,g1_a2_t2,298,2013-12-17T07:34:14+0100,1560,B00000351_21I558_20131217_073408,https://googledrive.com/host/0ByZPttHNHiZ0aWFpc0tKUmdzdUU/g1_a2_sml_298.jpg,g1_a2_sml_298.jpg,,1,4014,2,1,-0.124,-0.828,-0.091,-0.141,-0.331,-0.107,60531,65535,55702,65535,24.4,2,-33.98893,151.23034,-33.98893 151.23034,0,72,1.61,14.53,36.6,1.7,7.97,1.59,1,1.25,1.715,1,1.313,93.975,-88.86,300.06,0,,-33.98893333,151.23036,-33.9889333333 151.23036,72
1,g1_a2_t2,299,2013-12-17T07:34:23+0100,1569,B00000352_21I558_20131217_073422,https://googledrive.com/host/0ByZPttHNHiZ0aWFpc0tKUmdzdUU/g1_a2_sml_299.jpg,g1_a2_sml_299.jpg,,1,4014,2,1,-0.21,-0.676,0.001,-0.129,-0.335,-0.089,65535,65535,63060,65535,24.4,2,-33.98889,151.23049,-33.98889 151.23049,0,111,0.81,8.94,36,0.8,8.25,1.46,1,1.25,1.746,1,1.281,92.453,-89.59,302.31,0,,-33.98891333,151.23047,-33.9889133333 151.23047,111
1,g1_a2_t2,300,2013-12-17T07:34:34+0100,1580,B00000353_21I558_20131217_073433,https://googledrive.com/host/0ByZPttHNHiZ0aWFpc0tKUmdzdUU/g1_a2_sml_300.jpg,g1_a2_sml_300.jpg,,1,4014,2,1,-0.084,-0.988,0.099,-0.186,-0.293,-0.253,2018,2133,1748,4272,24.4,2,-33.98892,151.23058,-33.98892 151.23058,0,127,0.84,9.24,34.9,0.6,6.76,1.47,1,1.25,1.777,1,1.219,93.959,-89.98,325.65,0,,-33.98892667,151.2305767,-33.9889266667 151.230576667,127
1,g1_a2_t2,301,2013-12-17T07:34:45+0100,1591,B00000354_21I558_20131217_073444,https://googledrive.com/host/0ByZPttHNHiZ0aWFpc0tKUmdzdUU/g1_a2_sml_301.jpg,g1_a2_sml_301.jpg,,1,4014,2,1,0.043,-1.533,-0.022,-0.158,-0.305,-0.257,50486,55160,44030,65535,24.4,2,-33.98897,151.23066,-33.98897 151.23066,0,105,1.02,16.29,33.9,1.2,7.6,1.49,1,1.25,1.777,1,1.219,92.209,-88.92,314.43,0,,-33.98896667,151.23069,-33.9889666667 151.23069,105
1,g1_a2_t2,302,2013-12-17T07:35:01+0100,1607,B00000355_21I558_20131217_073500,https://googledrive.com/host/0ByZPttHNHiZ0aWFpc0tKUmdzdUU/g1_a2_sml_302.jpg,g1_a2_sml_302.jpg,,1,4014,2,1,0.043,-0.622,0.235,-0.15,-0.308,0.019,44340,53994,43472,65535,24.4,2,-33.98901,151.23083,-33.98901 151.23083,0,68,0.25,2.98,34.4,0.7,8.22,1.49,1,1.25,1.902,1,1.313,94.08,-92.41,300.2,0,,-33.98901,151.23083,-33.98901 151.23083,105
1,g1_a2_t2,304,2013-12-17T07:35:36+0100,1642,B00000357_21I558_20131217_073529,https://googledrive.com/host/0ByZPttHNHiZ0aWFpc0tKUmdzdUU/g1_a2_sml_304.jpg,g1_a2_sml_304.jpg,,1,4014,2,1,-0.003,-0.872,-0.124,-0.231,-0.28,-0.051,37901,42507,29924,65535,24.4,2,-33.98905,151.231,-33.98905 151.23100,0,108,1.33,10.68,34,1.5,15.99,1.69,1,1.25,1.934,1,1.406,98.058,-98.76,303.06,0,,-33.98904667,151.23098,-33.9890466667 151.23098,108
1,g1_a2_t2,305,2013-12-17T07:35:44+0100,1650,B00000358_21I558_20131217_073544,https://googledrive.com/host/0ByZPttHNHiZ0aWFpc0tKUmdzdUU/g1_a2_sml_305.jpg,g1_a2_sml_305.jpg,,1,4014,2,1,-0.002,-1.237,0.144,-0.202,-0.3,-0.201,45420,53889,40948,65535,24.4,2,-33.98908,151.23111,-33.98908 151.23111,0,119,0.62,13.72,31.7,1.6,11.7,1.71,2,1.25,1.934,1,1.344,94.614,-94.76,317.57,0,,-33.98909,151.2311167,-33.98909 151.231116667,119
1,g1_a2_t2,306,2013-12-17T07:36:06+0100,1672,B00000359_21I558_20131217_073559,https://googledrive.com/host/0ByZPttHNHiZ0aWFpc0tKUmdzdUU/g1_a2_sml_306.jpg,g1_a2_sml_306.jpg,,1,4014,2,1,-0.098,-1.057,0.03,-0.199,-0.298,-0.229,40278,46295,33558,65535,24.4,2,-33.98914,151.23124,-33.98914 151.23124,0,131,1.12,13.49,32.6,0.5,11.19,1.74,1,1.25,1.934,1,1.188,86.987,-97.68,289.67,0,,-33.98916,151.2312867,-33.98916 151.231286667,118
1,g1_a2_t2,308,2013-12-17T07:36:33+0100,1699,B00000361_21I558_20131217_073633,https://googledrive.com/host/0ByZPttHNHiZ0aWFpc0tKUmdzdUU/g1_a2_sml_308.jpg,g1_a2_sml_308.jpg,,1,4014,2,1,0.084,-1.192,0.221,-0.204,-0.302,-0.201,39016,45136,34107,65535,28.9,2,-33.98926,151.23151,-33.98926 151.23151,0,121,0.72,8.61,32.5,0.7,10.77,1.78,2,1.25,1.934,1,1.688,99.424,-101.6,308.55,0,,-33.98924333,151.2315,-33.9892433333 151.2315,109
1,g1_a2_t2,310,2013-12-17T07:36:56+0100,1722,B00000363_21I558_20131217_073656,https://googledrive.com/host/0ByZPttHNHiZ0aWFpc0tKUmdzdUU/g1_a2_sml_310.jpg,g1_a2_sml_310.jpg,,1,4014,2,1,-0.218,-0.864,-0.171,-0.227,-0.294,0.015,42438,53672,44737,65535,28.9,2,-33.98933,151.23175,-33.98933 151.23175,0,109,1.24,13.65,32.6,0.7,11.18,1.77,2,1.25,1.965,1,1.281,92.231,-96.54,313.57,0,,-33.98932,151.2317167,-33.98932 151.231716667,109
1,g1_a2_t2,311,2013-12-17T07:37:07+0100,1733,B00000364_21I558_20131217_073707,https://googledrive.com/host/0ByZPttHNHiZ0aWFpc0tKUmdzdUU/g1_a2_sml_311.jpg,g1_a2_sml_311.jpg,,1,4014,2,1,-0.119,-1.305,-0.192,-0.199,-0.29,-0.249,42100,50851,38459,65535,28.9,2,-33.98937,151.23189,-33.98937 151.23189,0,99,0.73,6.55,34.6,1,12.8,1.84,1,1.25,1.965,1,1.281,93.658,-98.86,307.99,0,,-33.98936,151.2318667,-33.98936 151.231866667,99
1,g1_a2_t2,312,2013-12-17T07:37:16+0100,1742,B00000365_21I558_20131217_073716,https://googledrive.com/host/0ByZPttHNHiZ0aWFpc0tKUmdzdUU/g1_a2_sml_312.jpg,g1_a2_sml_312.jpg,,1,4014,2,1,0.091,-1.013,0.467,-0.2,-0.308,-0.131,43082,52441,39850,65535,28.9,2,-33.98938,151.23196,-33.98938 151.23196,0,90,0.25,3.69,36.3,0.4,12.94,1.81,2,1.25,1.965,1,1.281,92.56,-96.39,316.86,0,,-33.98936,151.2320267,-33.98936 151.232026667,77
1,g1_a2_t2,314,2013-12-17T07:37:46+0100,1772,B00000367_21I558_20131217_073746,https://googledrive.com/host/0ByZPttHNHiZ0aWFpc0tKUmdzdUU/g1_a2_sml_314.jpg,g1_a2_sml_314.jpg,,1,4014,2,1,-0.179,-1.333,0.042,-0.2,-0.305,-0.091,48881,56625,41032,65535,28.9,2,-33.98933,151.23223,-33.98933 151.23223,0,64,0.34,5.12,36.8,1.5,15.75,1.82,1,1.25,1.934,1,1.594,93.889,-94.7,300.6,0,,-33.98934,151.2321567,-33.98934 151.232156667,64
1,g1_a2_t2,315,2013-12-17T07:38:01+0100,1787,B00000368_21I558_20131217_073755,https://googledrive.com/host/0ByZPttHNHiZ0aWFpc0tKUmdzdUU/g1_a2_sml_315.jpg,g1_a2_sml_315.jpg,,1,4014,2,1,-0.132,-0.987,-0.021,-0.141,-0.302,0.016,65535,65535,65535,65535,28.9,2,-33.98931,151.23228,-33.98931 151.23228,0,285,0.78,12.44,37.7,0.2,13.9,1.88,2,1.25,1.934,1,1.5,90.076,-96.38,298.17,0,,-33.98931333,151.2322233,-33.9893133333 151.232223333,275
1,g1_a2_t2,317,2013-12-17T07:38:32+0100,1818,B00000370_21I558_20131217_073826,https://googledrive.com/host/0ByZPttHNHiZ0aWFpc0tKUmdzdUU/g1_a2_sml_317.jpg,g1_a2_sml_317.jpg,,1,4014,2,1,0.006,-1.031,-0.058,0.103,-0.317,-0.194,65053,65535,57718,65535,30.9,2,-33.9893,151.23216,-33.98930 151.23216,0,320,0.18,1.45,42.1,0.4,8.78,1.48,1,1.25,1.902,1,1.375,94.588,-91.08,299.98,0,,-33.98925667,151.2323,-33.9892566667 151.2323,60
1,g1_a2_t2,320,2013-12-17T07:39:20+0100,1866,B00000373_21I558_20131217_073920,https://googledrive.com/host/0ByZPttHNHiZ0aWFpc0tKUmdzdUU/g1_a2_sml_320.jpg,g1_a2_sml_320.jpg,,1,4014,2,1,-0.337,-0.824,-0.247,-0.198,-0.307,-0.083,58784,65535,49871,65535,30.9,2,-33.98916,151.23246,-33.98916 151.23246,0,0,2.45,24.46,43.8,1.8,13.38,1.69,5,1.38,1.671,1,1.402,92.628,-93.75,320.45,0,,-33.98916,151.23246,-33.98916 151.23246,0
2,g1_a2_t3,410,2013-12-17T07:57:29+0100,194,B00000463_21I558_20131217_075728,https://googledrive.com/host/0ByZPttHNHiZ0aWFpc0tKUmdzdUU/g1_a2_sml_410.jpg,g1_a2_sml_410.jpg,,1,4014,2,1,-0.004,-0.779,0.303,0.105,-0.323,-0.1,31027,45106,43342,65535,26.8,2,-33.98923,151.23259,-33.98923 151.23259,0,339,1.19,10.67,46.7,1.6,15.09,1.79,1,1.25,1.906,1,1.188,75.438,-88.11,113.4,0,,-33.98917333,151.2325367,-33.9891733333 151.232536667,0
2,g1_a2_t3,412,2013-12-17T07:57:48+0100,213,B00000465_21I558_20131217_075747,https://googledrive.com/host/0ByZPttHNHiZ0aWFpc0tKUmdzdUU/g1_a2_sml_412.jpg,g1_a2_sml_412.jpg,,1,4014,2,1,-0.055,-1.188,0.299,0.042,-0.263,0.114,65535,65535,65535,65535,26.8,2,-33.98911,151.23259,-33.98911 151.23259,0,320,0.1,1.45,46,0.7,14.78,1.78,1,1.31,1.813,1,1.313,71.594,-87.66,265.57,0,,-33.98917,151.23257,-33.98917 151.23257,219
2,g1_a2_t3,414,2013-12-17T07:58:13+0100,238,B00000467_21I558_20131217_075813,https://googledrive.com/host/0ByZPttHNHiZ0aWFpc0tKUmdzdUU/g1_a2_sml_414.jpg,g1_a2_sml_414.jpg,,1,4014,2,1,-0.029,-0.974,0.278,0.112,-0.322,-0.114,15717,22224,19173,51157,26.8,2,-33.98917,151.23253,-33.98917 151.23253,0,337,0.6,4.81,47,1.1,20.36,1.79,5,2.13,1.969,1,1.188,74.929,-86.4,37.27,0,,-33.98915,151.2325433,-33.98915 151.232543333,269
2,g1_a2_t3,416,2013-12-17T07:58:30+0100,255,B00000469_21I558_20131217_075830,https://googledrive.com/host/0ByZPttHNHiZ0aWFpc0tKUmdzdUU/g1_a2_sml_416.jpg,g1_a2_sml_416.jpg,,1,4014,2,1,-0.112,-1.344,0.276,0.108,-0.291,0.046,64131,65535,65535,65535,26.8,2,-33.98917,151.23251,-33.98917 151.23251,0,227,0.99,9.95,46.8,0.3,13.86,1.87,1,1.25,1.813,1,1.375,92.95,-85.44,51.63,0,,-33.98917333,151.23253,-33.9891733333 151.23253,106
2,g1_a2_t3,422,2013-12-17T07:59:41+0100,326,B00000475_21I558_20131217_075935,https://googledrive.com/host/0ByZPttHNHiZ0aWFpc0tKUmdzdUU/g1_a2_sml_422.jpg,g1_a2_sml_422.jpg,,1,4014,2,1,-0.004,-0.935,0.018,0.118,-0.305,-0.198,38334,47659,38133,65535,28.6,2,-33.98918,151.23255,-33.98918 151.23255,0,320,0.32,2.89,44.7,0.9,23,1.89,2,1.25,1.938,1,1.156,88.949,-89.26,31.987,0,,-33.98916667,151.2324367,-33.9891666667 151.232436667,276
2,g1_a2_t3,425,2013-12-17T08:00:20+0100,365,B00000478_21I558_20131217_080020,https://googledrive.com/host/0ByZPttHNHiZ0aWFpc0tKUmdzdUU/g1_a2_sml_425.jpg,g1_a2_sml_425.jpg,,1,4014,2,1,0.074,-0.75,0.07,0.145,-0.291,0.001,35185,49799,47497,65535,28.6,2,-33.98915,151.23225,-33.98915 151.23225,0,276,1.16,9.29,47.7,1.1,14.11,1.84,1,1.25,2,1,1.031,67.156,-90.5,55.165,0,,-33.98915667,151.2323167,-33.9891566667 151.232316667,276
2,g1_a2_t3,426,2013-12-17T08:00:28+0100,373,B00000479_21I558_20131217_080028,https://googledrive.com/host/0ByZPttHNHiZ0aWFpc0tKUmdzdUU/g1_a2_sml_426.jpg,g1_a2_sml_426.jpg,,1,4014,2,1,0.714,-0.944,0.299,0.144,-0.303,-0.058,35959,49750,46387,65535,28.6,2,-33.98914,151.23215,-33.98914 151.23215,0,260,1.17,14.01,45.4,0.8,13.84,1.77,1,1.25,2,1,1.031,70.801,-92.05,39.534,0,,-33.98915,151.2321333,-33.98915 151.232133333,260
2,g1_a2_t3,427,2013-12-17T08:00:40+0100,385,B00000480_21I558_20131217_080039,https://googledrive.com/host/0ByZPttHNHiZ0aWFpc0tKUmdzdUU/g1_a2_sml_427.jpg,g1_a2_sml_427.jpg,,1,4014,2,1,0.168,-0.903,0.074,0.124,-0.315,-0.083,31033,44740,43498,65535,28.6,2,-33.98916,151.232,-33.98916 151.23200,0,269,0.33,4.61,46,0.8,11.84,1.72,1,1.25,2,1,1.063,75.898,-91.8,41.992,0,,-33.98915333,151.2320333,-33.9891533333 151.232033333,269
2,g1_a2_t3,428,2013-12-17T08:00:54+0100,399,B00000481_21I558_20131217_080048,https://googledrive.com/host/0ByZPttHNHiZ0aWFpc0tKUmdzdUU/g1_a2_sml_428.jpg,g1_a2_sml_428.jpg,,1,4014,2,1,-0.027,-0.88,0.18,0.107,-0.322,-0.099,35935,50366,46360,65535,28.6,2,-33.98916,151.23195,-33.98916 151.23195,0,303,1,9.99,46.2,0.7,12.09,1.69,1,1.25,2,1,1.094,75.721,-92.16,71.359,0,,-33.98914333,151.2319367,-33.9891433333 151.231936667,303
2,g1_a2_t3,429,2013-12-17T08:01:04+0100,409,B00000482_21I558_20131217_080104,https://googledrive.com/host/0ByZPttHNHiZ0aWFpc0tKUmdzdUU/g1_a2_sml_429.jpg,g1_a2_sml_429.jpg,,1,4014,2,1,0.031,-1.045,0.372,0.124,-0.312,-0.056,39858,54341,50325,65535,28.2,2,-33.98911,151.23186,-33.98911 151.23186,0,312,1.24,9.95,44.4,1.3,11.65,1.7,1,1.31,2,1,1.094,76.279,-91.44,86.169,0,,-33.98910667,151.2318633,-33.9891066667 151.231863333,312
2,g1_a2_t3,430,2013-12-17T08:01:12+0100,417,B00000483_21I558_20131217_080112,https://googledrive.com/host/0ByZPttHNHiZ0aWFpc0tKUmdzdUU/g1_a2_sml_430.jpg,g1_a2_sml_430.jpg,,1,4014,2,1,-0.033,-1.521,0.376,0.104,-0.296,0.022,59601,65535,65535,65535,28.2,2,-33.98905,151.23178,-33.98905 151.23178,0,294,0.74,8.09,43.6,0.8,10.24,1.7,1,1.25,2,1,1.094,75.99,-91.64,79.621,0,,-33.98906,151.23178,-33.98906 151.23178,294
2,g1_a2_t3,431,2013-12-17T08:01:23+0100,428,B00000484_21I558_20131217_080122,https://googledrive.com/host/0ByZPttHNHiZ0aWFpc0tKUmdzdUU/g1_a2_sml_431.jpg,g1_a2_sml_431.jpg,,1,4014,2,1,0.064,-0.926,0.269,0.114,-0.307,-0.018,55998,65535,62227,65535,28.2,2,-33.98902,151.2317,-33.98902 151.23170,0,320,0.96,8.67,41.9,1,10.27,1.66,1,1.25,2,1,1.094,75.781,-92.21,62.449,0,,-33.98901,151.2317067,-33.98901 151.231706667,320
2,g1_a2_t3,432,2013-12-17T08:01:32+0100,437,B00000485_21I558_20131217_080132,https://googledrive.com/host/0ByZPttHNHiZ0aWFpc0tKUmdzdUU/g1_a2_sml_432.jpg,g1_a2_sml_432.jpg,,1,4014,2,1,-0.057,-1.313,0.124,0.081,-0.299,0.038,65535,65535,65535,65535,28.2,2,-33.98896,151.23164,-33.98896 151.23164,0,294,1.01,8.09,41.5,0.8,7.29,1.67,1,1.25,1.969,1,1.094,78,-93.11,84.366,0,,-33.98897,151.2316333,-33.98897 151.231633333,294
2,g1_a2_t3,433,2013-12-17T08:01:40+0100,445,B00000486_21I558_20131217_080140,https://googledrive.com/host/0ByZPttHNHiZ0aWFpc0tKUmdzdUU/g1_a2_sml_433.jpg,g1_a2_sml_433.jpg,,1,4014,2,1,-0.025,-0.885,0.376,0.091,-0.297,0.033,65535,65535,65535,65535,28.2,2,-33.98893,151.23156,-33.98893 151.23156,0,295,1.14,10.24,42,0.7,13.14,1.75,1,1.25,1.969,1,1.094,75.829,-91.96,64.705,0,,-33.98892667,151.2315533,-33.9889266667 151.231553333,295
2,g1_a2_t3,434,2013-12-17T08:01:49+0100,454,B00000487_21I558_20131217_080149,https://googledrive.com/host/0ByZPttHNHiZ0aWFpc0tKUmdzdUU/g1_a2_sml_434.jpg,g1_a2_sml_434.jpg,,1,4014,2,1,-0.127,-1.126,0.147,0.084,-0.289,0.057,65535,65535,65535,65535,28.2,2,-33.98889,151.23146,-33.98889 151.23146,0,347,1.39,12.54,43.1,1.1,11.31,1.81,1,1.25,1.969,1,1.094,74.903,-91.91,79.036,0,,-33.98886667,151.2314833,-33.9888666667 151.231483333,347
2,g1_a2_t3,435,2013-12-17T08:01:58+0100,463,B00000488_21I558_20131217_080158,https://googledrive.com/host/0ByZPttHNHiZ0aWFpc0tKUmdzdUU/g1_a2_sml_435.jpg,g1_a2_sml_435.jpg,,1,4014,2,1,0.024,-0.618,0.232,0.126,-0.296,0.005,65535,65535,65535,65535,35.8,2,-33.98878,151.23143,-33.98878 151.23143,0,303,1.25,9.99,41.7,1.5,10.04,1.86,1,1.25,1.906,1,1.156,75.48,-92.31,120.71,0,,-33.9888,151.23141,-33.9888 151.23141,303
2,g1_a2_t3,436,2013-12-17T08:02:06+0100,471,B00000489_21I558_20131217_080206,https://googledrive.com/host/0ByZPttHNHiZ0aWFpc0tKUmdzdUU/g1_a2_sml_436.jpg,g1_a2_sml_436.jpg,,1,4014,2,1,-0.09,-1.137,0.333,0.104,-0.283,0.051,65535,65535,65535,65535,35.8,2,-33.98873,151.23134,-33.98873 151.23134,0,337,0.72,7.22,42.2,0.7,12.77,1.92,1,1.25,1.906,1,1.156,73.637,-93.9,82.629,0,,-33.98872667,151.23136,-33.9887266667 151.23136,337
2,g1_a2_t3,437,2013-12-17T08:02:16+0100,481,B00000490_21I558_20131217_080216,https://googledrive.com/host/0ByZPttHNHiZ0aWFpc0tKUmdzdUU/g1_a2_sml_437.jpg,g1_a2_sml_437.jpg,,1,4014,2,1,-0.004,-0.907,0.375,0.081,-0.275,0.077,65535,65535,65535,65535,35.8,2,-33.98867,151.23131,-33.98867 151.23131,0,344,0.23,10.38,42.2,1.1,12.97,1.95,1,1.25,1.906,1,1.156,73.647,-92.36,108.2,0,,-33.98866,151.23131,-33.98866 151.23131,344
2,g1_a2_t3,438,2013-12-17T08:03:02+0100,527,B00000491_21I558_20131217_080226,https://googledrive.com/host/0ByZPttHNHiZ0aWFpc0tKUmdzdUU/g1_a2_sml_438.jpg,g1_a2_sml_438.jpg,,1,4014,2,1,-0.057,-1.293,0.292,0.032,-0.292,0.067,65535,65535,65535,65535,41.7,2,-33.98858,151.23128,-33.98858 151.23128,0,35,1.79,28.65,42.5,0.7,13.88,1.93,1,1.25,1.906,1,1.125,73.219,-93.59,73.999,0,,-33.98854,151.23135,-33.98854 151.23135,35
2,g1_a2_t3,439,2013-12-17T08:03:18+0100,543,B00000492_21I558_20131217_080317,https://googledrive.com/host/0ByZPttHNHiZ0aWFpc0tKUmdzdUU/g1_a2_sml_439.jpg,g1_a2_sml_439.jpg,,1,4014,2,1,0.328,-0.604,-0.187,-0.128,-0.303,-0.213,42867,41813,30538,65535,43.2,2,-33.98837,151.23146,-33.98837 151.23146,0,180,0.69,5.56,39.6,0.6,11.15,1.79,2,1.25,1.469,1,1.438,82.422,-90.22,329.56,0,,-33.98848,151.2313733,-33.98848 151.231373333,208
2,g1_a2_t3,441,2013-12-17T08:03:37+0100,562,B00000494_21I558_20131217_080337,https://googledrive.com/host/0ByZPttHNHiZ0aWFpc0tKUmdzdUU/g1_a2_sml_441.jpg,g1_a2_sml_441.jpg,,1,4014,2,1,0.015,-0.864,0.195,0.054,-0.267,0.079,65535,65535,65535,65535,43.2,2,-33.98849,151.23138,-33.98849 151.23138,0,95,3.28,42.64,39.9,1,147.3,3.56,3,1.25,1.625,1,1.313,78.792,-88.56,283.08,0,,-33.98846333,151.23156,-33.9884633333 151.23156,95
2,g1_a2_t3,442,2013-12-17T08:03:50+0100,575,B00000495_21I558_20131217_080350,https://googledrive.com/host/0ByZPttHNHiZ0aWFpc0tKUmdzdUU/g1_a2_sml_442.jpg,g1_a2_sml_442.jpg,,1,4014,2,1,-0.072,-1.009,-0.216,-0.178,-0.287,-0.014,61199,65535,51794,65535,43.2,2,-33.98853,151.23184,-33.98853 151.23184,0,238,0.43,6.46,45.9,2.5,159.4,33.52,0,1.25,1.781,1,1.188,87.989,-90.58,132.71,0,,-33.98852667,151.2316667,-33.9885266667 151.231666667,238
2,g1_a2_t3,443,2013-12-17T08:04:05+0100,590,B00000496_21I558_20131217_080405,https://googledrive.com/host/0ByZPttHNHiZ0aWFpc0tKUmdzdUU/g1_a2_sml_443.jpg,g1_a2_sml_443.jpg,,1,4014,2,1,-0.009,-0.989,0.192,0.081,-0.284,0.065,65535,65535,65535,65535,40.5,2,-33.98856,151.23178,-33.98856 151.23178,0,331,1.69,15.25,40.7,0.1,42.61,4.06,1,1.31,1.781,1,1.188,74.247,-90.25,85.517,0,,-33.98848667,151.23174,-33.9884866667 151.23174,321
2,g1_a2_t3,446,2013-12-17T08:04:36+0100,621,B00000499_21I558_20131217_080435,https://googledrive.com/host/0ByZPttHNHiZ0aWFpc0tKUmdzdUU/g1_a2_sml_446.jpg,g1_a2_sml_446.jpg,,1,4014,2,1,-0.096,-0.967,0.399,-0.073,-0.279,0.043,65535,65535,65535,65535,44.4,2,-33.98837,151.2316,-33.98837 151.23160,0,241,1.05,11.57,32.2,0.3,15.05,2.84,1,1.25,1.813,1,1.156,73.363,-94.06,91.014,0,,-33.98841667,151.2315867,-33.9884166667 151.231586667,285
2,g1_a2_t3,448,2013-12-17T08:05:02+0100,647,B00000501_21I558_20131217_080502,https://googledrive.com/host/0ByZPttHNHiZ0aWFpc0tKUmdzdUU/g1_a2_sml_448.jpg,g1_a2_sml_448.jpg,,1,4014,2,1,0.062,-0.999,0.269,0.11,-0.293,0.021,65535,65535,65535,65535,42.9,2,-33.98832,151.23138,-33.98832 151.23138,0,338,1.28,17.88,32.1,1.3,14.53,2.32,1,1.25,1.875,1,1.156,72.714,-92.35,73.618,0,,-33.98828667,151.23143,-33.9882866667 151.23143,338
2,g1_a2_t3,449,2013-12-17T08:05:16+0100,661,B00000502_21I558_20131217_080510,https://googledrive.com/host/0ByZPttHNHiZ0aWFpc0tKUmdzdUU/g1_a2_sml_449.jpg,g1_a2_sml_449.jpg,,1,4014,2,1,0.004,-0.776,0.308,0.123,-0.286,0.02,65354,65535,65535,65535,42.9,2,-33.98817,151.23131,-33.98817 151.23131,0,340,0.88,14.12,39.1,0.7,12.61,2.1,1,1.25,1.875,1,1.156,76.978,-91.86,78.728,0,,-33.98818,151.2313167,-33.98818 151.231316667,340
2,g1_a2_t3,450,2013-12-17T08:05:32+0100,677,B00000503_21I558_20131217_080532,https://googledrive.com/host/0ByZPttHNHiZ0aWFpc0tKUmdzdUU/g1_a2_sml_450.jpg,g1_a2_sml_450.jpg,,1,4014,2,1,-0.025,-0.826,0.237,0.088,-0.289,0.04,65535,65535,65535,65535,44.5,2,-33.98805,151.23126,-33.98805 151.23126,0,18,0.59,5.86,35.9,0.2,10.99,1.96,1,1.25,1.656,1,1.406,97.37,-95.19,332.05,0,,-33.98807333,151.2312833,-33.9880733333 151.231283333,18
2,g1_a2_t3,451,2013-12-17T08:05:42+0100,687,B00000504_21I558_20131217_080542,https://googledrive.com/host/0ByZPttHNHiZ0aWFpc0tKUmdzdUU/g1_a2_sml_451.jpg,g1_a2_sml_451.jpg,,1,4014,2,1,0.118,-0.904,0.239,-0.006,-0.277,0.081,65535,65535,65535,65535,44.5,2,-33.988,151.23128,-33.98800 151.23128,0,320,0.54,4.33,34.8,0.8,8.6,1.8,1,1.25,1.75,1,1.156,77.949,-91.2,73.499,0,,-33.98801,151.2312633,-33.98801 151.231263333,308
2,g1_a2_t3,453,2013-12-17T08:05:59+0100,704,B00000506_21I558_20131217_080559,https://googledrive.com/host/0ByZPttHNHiZ0aWFpc0tKUmdzdUU/g1_a2_sml_453.jpg,g1_a2_sml_453.jpg,,1,4014,2,1,0.084,-0.844,0.247,0.045,-0.278,0.088,65535,65535,65535,65535,44,2,-33.98798,151.23125,-33.98798 151.23125,0,58,0.59,6.46,32.7,0.9,11.31,1.78,1,1.25,1.813,1,1.156,78.335,-90.43,281.75,0,,-33.98793333,151.2313067,-33.9879333333 151.231306667,35
2,g1_a2_t3,455,2013-12-17T08:06:28+0100,733,B00000508_21I558_20131217_080621,https://googledrive.com/host/0ByZPttHNHiZ0aWFpc0tKUmdzdUU/g1_a2_sml_455.jpg,g1_a2_sml_455.jpg,,1,4014,2,1,0.043,-0.729,0.087,-0.137,-0.269,0.057,65535,65535,65535,65535,44,2,-33.98782,151.23139,-33.98782 151.23139,0,357,1.98,17.82,30.7,1.1,14.11,1.88,1,1.25,1.656,1,1.156,73.587,-91.86,109.72,0,,-33.98781667,151.23133,-33.9878166667 151.23133,348
2,g1_a2_t3,457,2013-12-17T08:06:52+0100,757,B00000510_21I558_20131217_080646,https://googledrive.com/host/0ByZPttHNHiZ0aWFpc0tKUmdzdUU/g1_a2_sml_457.jpg,g1_a2_sml_457.jpg,,1,4014,2,1,-0.051,-0.903,0.294,0.06,-0.271,0.076,65535,65535,65535,65535,44,2,-33.98765,151.23135,-33.98765 151.23135,0,51,0.39,3.55,29.8,0.5,13.11,1.93,1,1.25,1.656,1,1.25,74.433,-92.82,89.174,0,,-33.9877,151.2313733,-33.9877 151.231373333,51
2,g1_a2_t3,458,2013-12-17T08:07:01+0100,766,B00000511_21I558_20131217_080700,https://googledrive.com/host/0ByZPttHNHiZ0aWFpc0tKUmdzdUU/g1_a2_sml_458.jpg,g1_a2_sml_458.jpg,,1,4014,2,1,0.107,-0.804,-0.101,-0.096,-0.296,0.018,63417,65535,54552,65535,41.4,2,-33.98763,151.23138,-33.98763 151.23138,0,157,0.24,2.41,29.1,0.4,11.98,1.88,1,1.31,1.656,1,1.25,79.864,-91.91,258.21,0,,-33.98762667,151.23136,-33.9876266667 151.23136,320
2,g1_a2_t3,461,2013-12-17T08:07:37+0100,802,B00000514_21I558_20131217_080737,https://googledrive.com/host/0ByZPttHNHiZ0aWFpc0tKUmdzdUU/g1_a2_sml_461.jpg,g1_a2_sml_461.jpg,,1,4014,2,1,0.142,-0.798,-0.134,0.079,-0.276,0.065,65535,65535,65535,65535,41.4,2,-33.9876,151.23135,-33.98760 151.23135,0,350,0.56,5.63,27.7,0.8,12.64,1.79,0,1.31,1.75,1,1.281,79.211,-95.73,70.906,0,,-33.98756333,151.2313367,-33.9875633333 151.231336667,337
2,g1_a2_t3,465,2013-12-17T08:08:18+0100,843,B00000518_21I558_20131217_080818,https://googledrive.com/host/0ByZPttHNHiZ0aWFpc0tKUmdzdUU/g1_a2_sml_465.jpg,g1_a2_sml_465.jpg,,1,4014,2,1,0.003,-0.827,-0.248,0.101,-0.3,-0.194,61619,63513,43000,65535,41.4,2,-33.98746,151.23128,-33.98746 151.23128,0,96,0.85,10.2,25.8,0.5,5.6,1.32,1,1.25,1.844,1,1.125,101.16,-96.06,58.485,0,,-33.98751,151.23134,-33.98751 151.23134,96
2,g1_a2_t3,466,2013-12-17T08:08:30+0100,855,B00000519_21I558_20131217_080830,https://googledrive.com/host/0ByZPttHNHiZ0aWFpc0tKUmdzdUU/g1_a2_sml_466.jpg,g1_a2_sml_466.jpg,,1,4014,2,1,-0.045,-0.826,-0.419,0.131,-0.3,-0.058,64719,60877,36984,65535,41.4,2,-33.98747,151.23139,-33.98747 151.23139,0,278,0.83,7.46,28.5,0.1,8.11,1.29,1,1.25,1.625,1,1.531,116.21,-107.5,13.744,0,,-33.98746333,151.2313533,-33.9874633333 151.231353333,0
2,g1_a2_t3,468,2013-12-17T08:08:53+0100,878,B00000521_21I558_20131217_080853,https://googledrive.com/host/0ByZPttHNHiZ0aWFpc0tKUmdzdUU/g1_a2_sml_468.jpg,g1_a2_sml_468.jpg,,1,4014,2,1,-0.479,-0.734,-0.455,-0.013,-0.266,-0.325,65535,65535,41135,65535,41.4,2,-33.98746,151.23139,-33.98746 151.23139,0,281,0.63,5.64,26.7,0.8,11,1.33,1,1.25,1.625,1,1.563,114.74,-114.4,11.601,0,,-33.98746667,151.23137,-33.9874666667 151.23137,258
2,g1_a2_t3,471,2013-12-17T08:09:35+0100,920,B00000524_21I558_20131217_080935,https://googledrive.com/host/0ByZPttHNHiZ0aWFpc0tKUmdzdUU/g1_a2_sml_471.jpg,g1_a2_sml_471.jpg,,1,4014,2,1,-0.073,-0.923,0.346,0.108,-0.309,-0.054,65535,65535,65535,65535,35.3,2,-33.98747,151.23133,-33.98747 151.23133,0,269,0.46,3.69,24.7,0.1,10.56,1.57,1,1.25,1.813,1,1.156,71.975,-95.05,32.224,0,,-33.98748667,151.2313333,-33.9874866667 151.231333333,214
2,g1_a2_t3,474,2013-12-17T08:10:06+0100,951,B00000527_21I558_20131217_081006,https://googledrive.com/host/0ByZPttHNHiZ0aWFpc0tKUmdzdUU/g1_a2_sml_474.jpg,g1_a2_sml_474.jpg,,1,4014,2,1,-0.225,-1.18,0.278,0.112,-0.307,-0.155,59009,65535,49828,65535,35.3,2,-33.98753,151.23128,-33.98753 151.23128,0,344,1.04,10.38,24.2,0.8,7.3,1.65,0,1.25,1.781,1,1.281,69.149,-85.82,353.24,0,,-33.98753667,151.2313567,-33.9875366667 151.231356667,118
2,g1_a2_t3,479,2013-12-17T08:11:04+0100,1009,B00000532_21I558_20131217_081104,https://googledrive.com/host/0ByZPttHNHiZ0aWFpc0tKUmdzdUU/g1_a2_sml_479.jpg,g1_a2_sml_479.jpg,,1,4014,2,1,0.13,-1.01,0.233,-0.097,-0.322,-0.187,27599,29798,21729,59437,33.5,2,-33.98761,151.23146,-33.98761 151.23146,0,151,0.38,3.81,24,0.8,10.45,1.8,5,1.25,1.719,1,1.438,87.004,-94.2,355.55,0,,-33.98763667,151.2313633,-33.9876366667 151.231363333,209
2,g1_a2_t3,482,2013-12-17T08:11:31+0100,1036,B00000535_21I558_20131217_081131,https://googledrive.com/host/0ByZPttHNHiZ0aWFpc0tKUmdzdUU/g1_a2_sml_482.jpg,g1_a2_sml_482.jpg,,1,4014,2,1,0.021,-1.099,0.238,0.019,-0.323,-0.207,32769,47762,45491,65535,33.5,2,-33.98777,151.23135,-33.98777 151.23135,0,215,0.68,9.55,25.9,1.4,9.81,1.77,1,1.25,1.844,1,1.125,78.955,-91.38,15.855,0,,-33.98774,151.2313667,-33.98774 151.231366667,215
2,g1_a2_t3,483,2013-12-17T08:11:45+0100,1050,B00000536_21I558_20131217_081145,https://googledrive.com/host/0ByZPttHNHiZ0aWFpc0tKUmdzdUU/g1_a2_sml_483.jpg,g1_a2_sml_483.jpg,,1,4014,2,1,0.01,-0.983,0.216,0.105,-0.348,-0.136,35767,49638,44482,65535,30.8,2,-33.98784,151.23129,-33.98784 151.23129,0,219,0.29,4.33,27.4,0.5,9.81,1.71,1,1.25,1.844,1,1.125,79.888,-89.67,54.611,0,,-33.98786,151.2312167,-33.98786 151.231216667,240
2,g1_a2_t3,485,2013-12-17T08:12:20+0100,1085,B00000538_21I558_20131217_081220,https://googledrive.com/host/0ByZPttHNHiZ0aWFpc0tKUmdzdUU/g1_a2_sml_485.jpg,g1_a2_sml_485.jpg,,1,4014,2,1,0.043,-0.932,0.2,0.161,-0.304,-0.094,34631,49413,45791,65535,30.8,2,-33.98797,151.23101,-33.98797 151.23101,0,250,0.68,6.83,29.7,1,10.63,1.63,1,1.25,1.844,1,1.094,76.681,-90.95,37.937,0,,-33.98793333,151.23108,-33.9879333333 151.23108,250
2,g1_a2_t3,486,2013-12-17T08:12:30+0100,1095,B00000539_21I558_20131217_081230,https://googledrive.com/host/0ByZPttHNHiZ0aWFpc0tKUmdzdUU/g1_a2_sml_486.jpg,g1_a2_sml_486.jpg,,1,4014,2,1,-0.054,-1.092,0.085,0.063,-0.315,-0.183,31625,45420,43549,65535,29.3,2,-33.98799,151.23094,-33.98799 151.23094,0,281,0.35,5.64,30,0.2,10.29,1.63,1,1.25,1.719,1,1.188,76.888,-90.42,22.048,0,,-33.98798667,151.2309167,-33.9879866667 151.230916667,265
2,g1_a2_t3,488,2013-12-17T08:12:55+0100,1120,B00000541_21I558_20131217_081254,https://googledrive.com/host/0ByZPttHNHiZ0aWFpc0tKUmdzdUU/g1_a2_sml_488.jpg,g1_a2_sml_488.jpg,,1,4014,2,1,-0.322,-0.896,0.133,0.09,-0.315,-0.13,37009,51247,45794,65535,29.3,2,-33.988,151.2308,-33.98800 151.23080,0,254,1.07,8.59,31.7,0.5,9.83,1.6,1,1.25,1.781,1,1.156,82.191,-90.47,21.739,0,,-33.98800667,151.23078,-33.9880066667 151.23078,259
2,g1_a2_t3,490,2013-12-17T08:13:12+0100,1137,B00000543_21I558_20131217_081312,https://googledrive.com/host/0ByZPttHNHiZ0aWFpc0tKUmdzdUU/g1_a2_sml_490.jpg,g1_a2_sml_490.jpg,,1,4014,2,1,-0.113,-0.802,0.145,0.072,-0.314,-0.171,40344,50696,43405,65535,29.3,2,-33.98803,151.2306,-33.98803 151.23060,0,252,1.67,18.38,33.2,1.2,10.09,1.54,1,1.25,1.781,1,1.156,82.459,-90.55,30.788,0,,-33.98803667,151.2306033,-33.9880366667 151.230603333,252
2,g1_a2_t3,491,2013-12-17T08:13:23+0100,1148,B00000544_21I558_20131217_081323,https://googledrive.com/host/0ByZPttHNHiZ0aWFpc0tKUmdzdUU/g1_a2_sml_491.jpg,g1_a2_sml_491.jpg,,1,4014,2,1,-0.281,-0.716,-0.023,0.106,-0.298,-0.136,36941,51167,46460,65535,29.4,2,-33.98808,151.23041,-33.98808 151.23041,0,250,0.65,9.81,33.6,2.1,11.24,1.54,1,1.25,1.781,1,1.156,82.941,-90.19,35.303,0,,-33.98816667,151.2303733,-33.9881666667 151.230373333,218
2,g1_a2_t3,496,2013-12-17T08:14:21+0100,1206,B00000549_21I558_20131217_081421,https://googledrive.com/host/0ByZPttHNHiZ0aWFpc0tKUmdzdUU/g1_a2_sml_496.jpg,g1_a2_sml_496.jpg,,1,4014,2,1,-0.143,-0.715,-0.104,0.068,-0.327,-0.146,37250,52493,48221,65535,27.7,2,-33.98839,151.23011,-33.98839 151.23011,0,184,1.53,12.27,35.8,0.8,8.71,1.42,1,1.25,1.875,1,1.125,78.531,-90.99,0.5346,0,,-33.98832333,151.2302067,-33.9883233333 151.230206667,184
2,g1_a2_t3,497,2013-12-17T08:14:29+0100,1214,B00000550_21I558_20131217_081429,https://googledrive.com/host/0ByZPttHNHiZ0aWFpc0tKUmdzdUU/g1_a2_sml_497.jpg,g1_a2_sml_497.jpg,,1,4014,2,1,0.068,-0.895,0.112,-0.021,-0.325,-0.2,43736,60147,54075,65535,27.7,2,-33.9885,151.2301,-33.98850 151.23010,0,185,1.12,8.94,36.5,1.2,8.34,1.46,1,1.25,1.875,1,1.125,77.809,-90.63,354.82,0,,-33.98849,151.2301,-33.98849 151.2301,185
2,g1_a2_t3,498,2013-12-17T08:14:37+0100,1222,B00000551_21I558_20131217_081437,https://googledrive.com/host/0ByZPttHNHiZ0aWFpc0tKUmdzdUU/g1_a2_sml_498.jpg,g1_a2_sml_498.jpg,,1,4014,2,1,-0.054,-1.021,0.286,-0.093,-0.313,-0.239,53344,65535,54568,65535,27.7,2,-33.98858,151.23009,-33.98858 151.23009,0,180,0.86,7.78,36.2,0.7,8.83,1.51,1,1.25,1.875,1,1.156,80.227,-90.06,347.12,0,,-33.98857667,151.2300933,-33.9885766667 151.230093333,180
2,g1_a2_t3,499,2013-12-17T08:14:46+0100,1231,B00000552_21I558_20131217_081446,https://googledrive.com/host/0ByZPttHNHiZ0aWFpc0tKUmdzdUU/g1_a2_sml_499.jpg,g1_a2_sml_499.jpg,,1,4014,2,1,-0.172,-1.295,0.3,-0.096,-0.315,-0.232,48661,63219,54184,65535,27.7,2,-33.98865,151.23009,-33.98865 151.23009,0,164,0.86,6.92,37.3,0.9,9.03,1.53,1,1.31,1.875,1,1.156,82.442,-91.49,342.96,0,,-33.98864667,151.2300967,-33.9886466667 151.230096667,164
2,g1_a2_t3,500,2013-12-17T08:14:54+0100,1239,B00000553_21I558_20131217_081454,https://googledrive.com/host/0ByZPttHNHiZ0aWFpc0tKUmdzdUU/g1_a2_sml_500.jpg,g1_a2_sml_500.jpg,,1,4014,2,1,0.306,-0.661,0.008,-0.067,-0.335,-0.136,33795,47678,44299,65535,26.8,2,-33.98871,151.23011,-33.98871 151.23011,0,145,0.58,8.11,36.3,0.6,8.31,1.57,1,1.25,1.875,1,1.156,76.225,-86.72,335.81,0,,-33.98871,151.23012,-33.98871 151.23012,145
2,g1_a2_t3,501,2013-12-17T08:15:08+0100,1253,B00000554_21I558_20131217_081502,https://googledrive.com/host/0ByZPttHNHiZ0aWFpc0tKUmdzdUU/g1_a2_sml_501.jpg,g1_a2_sml_501.jpg,,1,4014,2,1,-0.33,-1.051,0.151,-0.059,-0.325,-0.204,48585,63639,54869,65535,26.8,2,-33.98877,151.23016,-33.98877 151.23016,0,164,1.92,17.3,35.7,1.7,9.58,1.62,1,1.25,1.875,1,1.156,79.08,-88.78,333.38,0,,-33.98886333,151.2301667,-33.9888633333 151.230166667,170
2,g1_a2_t3,505,2013-12-17T08:15:43+0100,1288,B00000558_21I558_20131217_081543,https://googledrive.com/host/0ByZPttHNHiZ0aWFpc0tKUmdzdUU/g1_a2_sml_505.jpg,g1_a2_sml_505.jpg,,1,4014,2,1,-0.146,-1.059,0.301,-0.06,-0.329,-0.202,40699,56571,51319,65535,26.8,2,-33.98911,151.23023,-33.98911 151.23023,0,0,0.49,4.45,34.1,0.5,10.9,1.66,1,1.25,1.969,1,1.063,82.374,-89.35,339.98,0,,-33.98897667,151.2302233,-33.9889766667 151.230223333,34
2,g1_a2_t3,508,2013-12-17T08:16:12+0100,1317,B00000561_21I558_20131217_081612,https://googledrive.com/host/0ByZPttHNHiZ0aWFpc0tKUmdzdUU/g1_a2_sml_508.jpg,g1_a2_sml_508.jpg,,1,4014,2,1,-0.043,-0.998,-0.018,-0.115,-0.305,-0.265,25151,34253,31235,65535,27.6,2,-33.98905,151.23028,-33.98905 151.23028,0,301,0.77,10.77,33.4,0.3,12.29,1.77,4,1.25,1.969,1,1.219,91.22,-95.34,342.67,0,,-33.9891,151.23025,-33.9891 151.23025,200
2,g1_a2_t3,514,2013-12-17T08:17:20+0100,1385,B00000567_21I558_20131217_081720,https://googledrive.com/host/0ByZPttHNHiZ0aWFpc0tKUmdzdUU/g1_a2_sml_514.jpg,g1_a2_sml_514.jpg,,1,4014,2,1,-0.014,-1.008,-0.016,-0.094,-0.307,-0.262,34085,36116,26095,65535,27.6,2,-33.98914,151.23024,-33.98914 151.23024,0,324,1.06,9.55,35.5,0.3,32.06,1.86,2,1.25,1.969,1,1.125,91.732,-95.01,344.27,0,,-33.98907667,151.2303367,-33.9890766667 151.230336667,64
2,g1_a2_t3,519,2013-12-17T08:18:16+0100,1441,B00000572_21I558_20131217_081810,https://googledrive.com/host/0ByZPttHNHiZ0aWFpc0tKUmdzdUU/g1_a2_sml_519.jpg,g1_a2_sml_519.jpg,,1,4014,2,1,0.298,-0.773,-0.232,-0.142,-0.309,-0.033,44366,55664,49381,65535,27.6,2,-33.98904,151.23049,-33.98904 151.23049,0,96,0.73,10.2,30.4,0.9,8.89,1.89,1,1.25,1.969,1,1.094,81.288,-89.61,293.86,0,,-33.98907667,151.2304433,-33.9890766667 151.230443333,96
2,g1_a2_t3,520,2013-12-17T08:18:30+0100,1455,B00000573_21I558_20131217_081824,https://googledrive.com/host/0ByZPttHNHiZ0aWFpc0tKUmdzdUU/g1_a2_sml_520.jpg,g1_a2_sml_520.jpg,,1,4014,2,1,0.483,-1.195,-0.737,-0.176,-0.297,-0.039,43281,56153,48576,65535,27.6,2,-33.98905,151.2306,-33.98905 151.23060,0,61,0.83,11.57,32.2,1,16.3,1.79,1,1.25,1.969,1,1.063,78.882,-91.35,297.9,0,,-33.98903,151.2306,-33.98903 151.2306,61
2,g1_a2_t3,521,2013-12-17T08:18:44+0100,1469,B00000574_21I558_20131217_081838,https://googledrive.com/host/0ByZPttHNHiZ0aWFpc0tKUmdzdUU/g1_a2_sml_521.jpg,g1_a2_sml_521.jpg,,1,4014,2,1,-0.009,-1.007,0.123,-0.1,-0.326,-0.182,37908,46668,37971,65535,27.6,2,-33.989,151.23071,-33.98900 151.23071,0,98,1.13,15.83,33.2,0.5,12.28,1.74,1,1.25,1.969,1,1.063,83.819,-89.97,306.45,0,,-33.98908,151.2308867,-33.98908 151.230886667,109
2,g1_a2_t3,526,2013-12-17T08:19:38+0100,1523,B00000579_21I558_20131217_081938,https://googledrive.com/host/0ByZPttHNHiZ0aWFpc0tKUmdzdUU/g1_a2_sml_526.jpg,g1_a2_sml_526.jpg,,1,4014,2,1,0.052,-1.029,1.31,-0.163,-0.313,-0.141,32453,38990,34974,65535,27.6,2,-33.98919,151.23135,-33.98919 151.23135,0,238,0.24,2.15,33.9,0.3,8.34,1.74,1,1.25,1.969,1,1.094,77.884,-89.63,314.37,0,,-33.98915,151.23118,-33.98915 151.23118,123
2,g1_a2_t3,528,2013-12-17T08:19:56+0100,1541,B00000581_21I558_20131217_081956,https://googledrive.com/host/0ByZPttHNHiZ0aWFpc0tKUmdzdUU/g1_a2_sml_528.jpg,g1_a2_sml_528.jpg,,1,4014,2,1,-0.125,-0.703,-0.094,-0.188,-0.303,-0.087,36016,48830,44658,65535,27.6,2,-33.98926,151.23148,-33.98926 151.23148,0,78,0.54,11.28,32.9,1.1,7.86,1.83,1,1.25,2,1,1.156,82.549,-90.4,304.91,0,,-33.98923,151.2314767,-33.98923 151.231476667,78
2,g1_a2_t3,529,2013-12-17T08:20:17+0100,1562,B00000582_21I558_20131217_082011,https://googledrive.com/host/0ByZPttHNHiZ0aWFpc0tKUmdzdUU/g1_a2_sml_529.jpg,g1_a2_sml_529.jpg,,1,4014,2,1,0.065,-0.919,0.296,-0.176,-0.309,-0.115,41197,50604,41414,65535,27.6,2,-33.98924,151.2316,-33.98924 151.23160,0,87,3.08,27.68,35.2,1.1,13.54,1.83,1,1.25,2,1,1.094,78.171,-92.17,310.66,0,,-33.98926,151.2317033,-33.98926 151.231703333,96
2,g1_a2_t3,531,2013-12-17T08:20:35+0100,1580,B00000584_21I558_20131217_082035,https://googledrive.com/host/0ByZPttHNHiZ0aWFpc0tKUmdzdUU/g1_a2_sml_531.jpg,g1_a2_sml_531.jpg,,1,4014,2,1,0.031,-0.71,0.116,-0.183,-0.293,-0.033,46780,58770,48564,65535,27.6,2,-33.98928,151.23203,-33.98928 151.23203,0,96,0.64,10.2,35.7,0.5,12.64,1.95,1,1.25,2.031,1,1.188,83.451,-90.07,291.25,0,,-33.98927333,151.2319267,-33.9892733333 151.231926667,101
2,g1_a2_t3,534,2013-12-17T08:21:09+0100,1614,B00000587_21I558_20131217_082109,https://googledrive.com/host/0ByZPttHNHiZ0aWFpc0tKUmdzdUU/g1_a2_sml_534.jpg,g1_a2_sml_534.jpg,,1,4014,2,1,0.071,-0.84,0.086,-0.145,-0.321,-0.154,40188,53437,47857,65535,27.6,2,-33.9893,151.23215,-33.98930 151.23215,0,182,2.23,20.04,39.9,0.7,10.43,1.88,1,1.25,1.938,1,1.188,79.311,-90.59,110.89,0,,-33.98934667,151.2321233,-33.9893466667 151.232123333,168
2,g1_a2_t3,536,2013-12-17T08:21:27+0100,1632,B00000589_21I558_20131217_082127,https://googledrive.com/host/0ByZPttHNHiZ0aWFpc0tKUmdzdUU/g1_a2_sml_536.jpg,g1_a2_sml_536.jpg,,1,4014,2,1,0.031,-1.313,-0.009,-0.11,-0.312,-0.004,60610,65535,57026,65535,27.6,2,-33.98946,151.23219,-33.98946 151.23219,0,51,1.18,10.65,38.1,0.9,16.55,1.99,1,1.25,1.938,1,1.156,80.027,-90.18,276.43,0,,-33.98938667,151.2322067,-33.9893866667 151.232206667,51
2,g1_a2_t3,537,2013-12-17T08:21:36+0100,1641,B00000590_21I558_20131217_082136,https://googledrive.com/host/0ByZPttHNHiZ0aWFpc0tKUmdzdUU/g1_a2_sml_537.jpg,g1_a2_sml_537.jpg,,1,4014,2,1,0.051,-1.01,0.421,-0.137,-0.303,-0.003,63951,65535,57968,65535,27.6,2,-33.9894,151.23228,-33.98940 151.23228,0,39,1.34,18.78,37.6,0.2,22.1,1.99,1,1.25,1.875,1,1.25,81.182,-89.41,257.16,0,,-33.98934667,151.2323,-33.9893466667 151.2323,29
2,g1_a2_t3,539,2013-12-17T08:22:01+0100,1666,B00000592_21I558_20131217_082201,https://googledrive.com/host/0ByZPttHNHiZ0aWFpc0tKUmdzdUU/g1_a2_sml_539.jpg,g1_a2_sml_539.jpg,,1,4014,2,1,0.007,-1.018,-0.095,0.131,-0.297,-0.204,44127,50956,38002,65535,27.6,2,-33.98918,151.23243,-33.98918 151.23243,0,90,0.74,7.38,39.6,0.5,18.8,1.96,1,1.25,1.906,1,1.094,75.086,-92.12,33.192,0,,-33.98918,151.23243,-33.98918 151.23243,90
3,g1_observer,1,,20,,https://googledrive.com/host/0ByZPttHNHiZ0X0c0Q05pby1qQ0E/zorica_20140523-20140523_8573.jpeg,zorica_20140523-20140523_8573.jpeg,,1,,,,,,,,,,,,,,,,-33.989256,151.232349,-33.989256 151.232349,,90,,,,,,,,,,,,,,,,,-33.989256,151.232349,-33.989256 151.232349,90
3,g1_observer,2,,30,,https://googledrive.com/host/0ByZPttHNHiZ0X0c0Q05pby1qQ0E/zorica_20140523-20140523_8574.jpeg,zorica_20140523-20140523_8574.jpeg,,1,,,,,,,,,,,,,,,,-33.989117,151.23243,-33.989117 151.23243,,0,,,,,,,,,,,,,,,,,-33.989117,151.23243,-33.989117 151.23243,0
3,g1_observer,3,,40,,https://googledrive.com/host/0ByZPttHNHiZ0X0c0Q05pby1qQ0E/zorica_20140523-20140523_8575.jpeg,zorica_20140523-20140523_8575.jpeg,,1,,,,,,,,,,,,,,,,-33.989109,151.232355,-33.989109 151.232355,,0,,,,,,,,,,,,,,,,,-33.989109,151.232355,-33.989109 151.232355,0
3,g1_observer,4,,50,,https://googledrive.com/host/0ByZPttHNHiZ0X0c0Q05pby1qQ0E/zorica_20140523-20140523_8586.jpeg,zorica_20140523-20140523_8586.jpeg,,1,,,,,,,,,,,,,,,,-33.98918,151.232377,-33.98918 151.232377,,0,,,,,,,,,,,,,,,,,-33.98918,151.232377,-33.98918 151.232377,0
3,g1_observer,5,,60,,https://googledrive.com/host/0ByZPttHNHiZ0X0c0Q05pby1qQ0E/zorica_20140523-20140523_8595.jpeg,zorica_20140523-20140523_8595.jpeg,,1,,,,,,,,,,,,,,,,-33.989057,151.232419,-33.989057 151.232419,,120,,,,,,,,,,,,,,,,,-33.989057,151.232419,-33.989057 151.232419,120
3,g1_observer,6,,70,,https://googledrive.com/host/0ByZPttHNHiZ0X0c0Q05pby1qQ0E/zorica_20140523-20140523_8597.jpeg,zorica_20140523-20140523_8597.jpeg,,1,,,,,,,,,,,,,,,,-33.989102,151.232433,-33.989102 151.232433,,120,,,,,,,,,,,,,,,,,-33.989102,151.232433,-33.989102 151.232433,120
3,g1_observer,7,,80,,https://googledrive.com/host/0ByZPttHNHiZ0X0c0Q05pby1qQ0E/zorica_20140523-20140523_8601.jpeg,zorica_20140523-20140523_8601.jpeg,,1,,,,,,,,,,,,,,,,-33.989197,151.232333,-33.989197 151.232333,,0,,,,,,,,,,,,,,,,,-33.989197,151.232333,-33.989197 151.232333,0
3,g1_observer,8,,90,,https://googledrive.com/host/0ByZPttHNHiZ0X0c0Q05pby1qQ0E/zorica_20140523-20140523_8609.jpeg,zorica_20140523-20140523_8609.jpeg,,1,,,,,,,,,,,,,,,,-33.987558,151.231187,-33.987558 151.231187,,300,,,,,,,,,,,,,,,,,-33.987558,151.231187,-33.987558 151.231187,300
3,g1_observer,9,2013-12-17T06:05:10+0100,100,B00000165_21I5AW_20131217_060509,https://googledrive.com/host/0ByZPttHNHiZ0X0c0Q05pby1qQ0E/g1_a4_sml_104.jpg,g1_a4_sml_104.jpg,,1,4014,2,1,0.124,-0.825,-0.026,0.186,-0.338,0.039,65535,65535,61994,65535,-3,2,-33.987971,151.230908,-33.987971 151.230908,,270,,,,0.5,11.31,1.92,1,1.25,1.531,1,1.158,105.63,-81.01,140.81,0,,-33.987971,151.230908,-33.987971 151.230908,270
3,g1_observer,10,2013-12-17T06:08:13+0100,110,B00000185_21I5AW_20131217_060812,https://googledrive.com/host/0ByZPttHNHiZ0X0c0Q05pby1qQ0E/g1_a4_sml_124.jpg,g1_a4_sml_124.jpg,,1,4014,2,1,0.319,-0.955,0.051,0.215,-0.304,0.151,65535,65535,65535,65535,26.9,2,-33.988979,151.231072,-33.988979 151.231072,,220,,,,0.7,8.73,1.91,1,1.25,1.688,1,1.064,84.371,-70.58,164.68,0,,-33.988979,151.231072,-33.988979 151.231072,220
3,g1_observer,11,2013-12-17T06:08:37+0100,120,B00000187_21I5AW_20131217_060836,https://googledrive.com/host/0ByZPttHNHiZ0X0c0Q05pby1qQ0E/g1_a4_sml_126.jpg,g1_a4_sml_126.jpg,,1,4014,2,1,0.067,-1.278,0.131,-0.043,-0.373,-0.112,65535,65535,65065,65535,53.9,2,-33.98899,151.231541,-33.98899 151.231541,,45,,,,0.3,16.6,1.78,1,1.25,1.719,1,1.189,88.449,-75.86,273.27,0,,-33.98899,151.231541,-33.98899 151.231541,45
3,g1_observer,12,2013-12-17T06:08:45+0100,130,B00000188_21I5AW_20131217_060844,https://googledrive.com/host/0ByZPttHNHiZ0X0c0Q05pby1qQ0E/g1_a4_sml_127.jpg,g1_a4_sml_127.jpg,,1,4014,2,1,0.331,-1.157,-0.003,-0.09,-0.401,0.015,57756,65535,47693,65535,53.9,2,-33.988986,151.230108,-33.988986 151.230108,,330,,,,0.2,15.34,1.74,1,1.25,1.719,1,1.096,86.382,-72.79,262.09,0,,-33.988986,151.230108,-33.988986 151.230108,330
3,g1_observer,13,2013-12-17T06:09:10+0100,140,B00000191_21I5AW_20131217_060909,https://googledrive.com/host/0ByZPttHNHiZ0X0c0Q05pby1qQ0E/g1_a4_sml_130.jpg,g1_a4_sml_130.jpg,,1,4014,2,1,0.425,-0.984,-0.168,-0.05,-0.403,0.062,47489,54400,41716,65535,30.6,2,-33.98899,151.230175,-33.98899 151.230175,,270,,,,0.1,13.17,1.73,1,1.25,1.656,1,1.158,92.081,-70.13,248.82,0,,-33.98899,151.230175,-33.98899 151.230175,270
3,g1_observer,14,2013-12-17T06:43:44+0100,150,B00000402_21I5AW_20131217_064343,https://googledrive.com/host/0ByZPttHNHiZ0X0c0Q05pby1qQ0E/g1_a4_sml_341.jpg,g1_a4_sml_341.jpg,,1,4014,2,1,0.26,-0.772,-0.017,-0.067,-0.348,0.209,54838,64261,49242,65535,45.6,0,-33.987759,151.231409,-33.987759 151.231409,,270,,,,0,0,0,0,0,3,1.25,1.5,1,1.25,70.516,-88.64,187.65,-33.987759,151.231409,-33.987759 151.231409,270
3,g1_observer,15,,160,,https://googledrive.com/host/0ByZPttHNHiZ0X0c0Q05pby1qQ0E/g1_a4_sml_273.jpg,g1_a4_sml_273.jpg,,1,4014,2,1,,,,,,,,,,,,,-33.989141,151.232349,-33.989141 151.232349,,0,,,,,,,,,,,,,,,,,-33.989141,151.232349,-33.989141 151.232349,0
3,g1_observer,16,,170,,https://googledrive.com/host/0ByZPttHNHiZ0X0c0Q05pby1qQ0E/g1_a4_sml_285.jpg,g1_a4_sml_285.jpg,,1,4014,,,,,,,,,,,,,,,-33.989036,151.232148,-33.989036 151.232148,,300,,,,,,,,,,,,,,,,,-33.989036,151.232148,-33.989036 151.232148,300
3,g1_observer,17,,180,,https://googledrive.com/host/0ByZPttHNHiZ0X0c0Q05pby1qQ0E/g1_a4_sml_295.jpg,g1_a4_sml_295.jpg,,1,4014,2,1,,,,,,,,,,,,,-33.988619,151.231299,-33.988619 151.231299,,220,,,,,,,,,,,,,,,,,-33.988619,151.231299,-33.988619 151.231299,220
3,g1_observer,18,,190,,https://googledrive.com/host/0ByZPttHNHiZ0X0c0Q05pby1qQ0E/g1_a4_sml_321.jpg,g1_a4_sml_321.jpg,,1,4014,2,1,,,,,,,,,,,,,-33.98883,151.23146,-33.98883 151.23146,,220,,,,,,,,,,,,,,,,,-33.98883,151.23146,-33.98883 151.23146,220
3,g1_observer,19,,200,,https://googledrive.com/host/0ByZPttHNHiZ0X0c0Q05pby1qQ0E/g1_a4_sml_336.jpg,g1_a4_sml_336.jpg,,1,4014,2,1,,,,,,,,,,,,,-33.987633,151.231413,-33.987633 151.231413,,270,,,,,,,,,,,,,,,,,-33.987633,151.231413,-33.987633 151.231413,270
3,g1_observer,20,,210,,https://googledrive.com/host/0ByZPttHNHiZ0X0c0Q05pby1qQ0E/g1_a4_sml_344.jpg,g1_a4_sml_344.jpg,,1,4014,2,1,,,,,,,,,,,,,-33.987677,151.231487,-33.987677 151.231487,,270,,,,,,,,,,,,,,,,,-33.987677,151.231487,-33.987677 151.231487,270
3,g1_observer,21,,220,,https://googledrive.com/host/0ByZPttHNHiZ0X0c0Q05pby1qQ0E/g1_a4_sml_352.jpg,g1_a4_sml_352.jpg,,1,4014,2,1,,,,,,,,,,,,,-33.987571,151.231423,-33.987571 151.231423,,300,,,,,,,,,,,,,,,,,-33.987571,151.231423,-33.987571 151.231423,300
3,g1_observer,22,,230,,https://googledrive.com/host/0ByZPttHNHiZ0X0c0Q05pby1qQ0E/g1_a4_sml_362.jpg,g1_a4_sml_362.jpg,,1,4014,2,1,,,,,,,,,,,,,-33.987562,151.231305,-33.987562 151.231305,,270,,,,,,,,,,,,,,,,,-33.987562,151.231305,-33.987562 151.231305,270
3,g1_observer,23,,240,,https://googledrive.com/host/0ByZPttHNHiZ0X0c0Q05pby1qQ0E/g1_a4_sml_366.jpg,g1_a4_sml_366.jpg,,1,4014,2,1,,,,,,,,,,,,,-33.987469,151.231249,-33.987469 151.231249,,180,,,,,,,,,,,,,,,,,-33.987469,151.231249,-33.987469 151.231249,180
3,g1_observer,24,,250,,https://googledrive.com/host/0ByZPttHNHiZ0X0c0Q05pby1qQ0E/g1_a4_sml_369.jpg,g1_a4_sml_369.jpg,,1,4014,2,1,,,,,,,,,,,,,-33.987398,151.231326,-33.987398 151.231326,,290,,,,,,,,,,,,,,,,,-33.987398,151.231326,-33.987398 151.231326,290
3,g1_observer,25,,260,,https://googledrive.com/host/0ByZPttHNHiZ0X0c0Q05pby1qQ0E/g1_a4_sml_375.jpg,g1_a4_sml_375.jpg,,1,4014,2,1,,,,,,,,,,,,,-33.98746,151.23128,-33.98746 151.23128,,90,,,,,,,,,,,,,,,,,-33.98746,151.23128,-33.98746 151.23128,90
3,g1_observer,26,,270,,https://googledrive.com/host/0ByZPttHNHiZ0X0c0Q05pby1qQ0E/g1_a4_sml_379.jpg,g1_a4_sml_379.jpg,,1,4014,2,1,,,,,,,,,,,,,-33.987511,151.231226,-33.987511 151.231226,,220,,,,,,,,,,,,,,,,,-33.987511,151.231226,-33.987511 151.231226,220
3,g1_observer,27,,280,,https://googledrive.com/host/0ByZPttHNHiZ0X0c0Q05pby1qQ0E/g1_a4_sml_380.jpg,g1_a4_sml_380.jpg,,1,4014,2,1,,,,,,,,,,,,,-33.987527,151.231236,-33.987527 151.231236,,210,,,,,,,,,,,,,,,,,-33.987527,151.231236,-33.987527 151.231236,210
3,g1_observer,28,,290,,https://googledrive.com/host/0ByZPttHNHiZ0X0c0Q05pby1qQ0E/g1_a4_sml_386.jpg,g1_a4_sml_386.jpg,,1,4014,2,1,,,,,,,,,,,,,-33.987505,151.231305,-33.987505 151.231305,,180,,,,,,,,,,,,,,,,,-33.987505,151.231305,-33.987505 151.231305,180
3,g1_observer,29,,300,,https://googledrive.com/host/0ByZPttHNHiZ0X0c0Q05pby1qQ0E/g1_a4_sml_387.jpg,g1_a4_sml_387.jpg,,1,4014,2,1,,,,,,,,,,,,,-33.987491,151.231354,-33.987491 151.231354,,270,,,,,,,,,,,,,,,,,-33.987491,151.231354,-33.987491 151.231354,270
3,g1_observer,30,,310,,https://googledrive.com/host/0ByZPttHNHiZ0X0c0Q05pby1qQ0E/g1_a4_sml_392.jpg,g1_a4_sml_392.jpg,,1,4014,2,1,,,,,,,,,,,,,-33.987398,151.231332,-33.987398 151.231332,,0,,,,,,,,,,,,,,,,,-33.987398,151.231332,-33.987398 151.231332,0
3,g1_observer,31,,320,,https://googledrive.com/host/0ByZPttHNHiZ0X0c0Q05pby1qQ0E/g1_a4_sml_432.jpg,g1_a4_sml_432.jpg,,1,4014,2,1,,,,,,,,,,,,,-33.987775,151.231367,-33.987775 151.231367,,270,,,,,,,,,,,,,,,,,-33.987775,151.231367,-33.987775 151.231367,270
3,g1_observer,32,,330,,https://googledrive.com/host/0ByZPttHNHiZ0X0c0Q05pby1qQ0E/g1_a4_sml_492.jpg,g1_a4_sml_492.jpg,,1,4014,2,1,,,,,,,,,,,,,-33.988891,151.230289,-33.988891 151.230289,,200,,,,,,,,,,,,,,,,,-33.988891,151.230289,-33.988891 151.230289,200
3,g1_observer,33,,340,,https://googledrive.com/host/0ByZPttHNHiZ0X0c0Q05pby1qQ0E/g1_a4_sml_496.jpg,g1_a4_sml_496.jpg,,1,4014,2,1,,,,,,,,,,,,,-33.988786,151.230253,-33.988786 151.230253,,200,,,,,,,,,,,,,,,,,-33.988786,151.230253,-33.988786 151.230253,200
3,g1_observer,34,,350,,https://googledrive.com/host/0ByZPttHNHiZ0X0c0Q05pby1qQ0E/g1_a4_sml_516.jpg,g1_a4_sml_516.jpg,,1,4014,2,1,,,,,,,,,,,,,-33.989135,151.231197,-33.989135 151.231197,,30,,,,,,,,,,,,,,,,,-33.989135,151.231197,-33.989135 151.231197,30
